/*******************************************************************************
 * Size: 28 px
 * Bpp: 4
 * Opts: --font VT323-Regular.ttf -r 0x20-0x7F,0xA0-0xFF,0x2022 --size 28 --bpp 4 --no-compress --format lvgl --lv-include lvgl.h --force-fast-kern-format --lv-font-name lv_font_alerts_28 -o lv_font_alerts_28.c
 ******************************************************************************/

#ifdef LV_LVGL_H_INCLUDE_SIMPLE
#include "lvgl.h"
#else
#include "lvgl.h"
#endif

#ifndef LV_FONT_ALERTS_28
#define LV_FONT_ALERTS_28 1
#endif

#if LV_FONT_ALERTS_28

/*-----------------
 *    BITMAPS
 *----------------*/

/*Store the image of the glyphs*/
static LV_ATTRIBUTE_LARGE_CONST const uint8_t glyph_bitmap[] = {
    /* U+0020 " " */

    /* U+0021 "!" */
    0x9f, 0xc9, 0xfc, 0x8f, 0xc9, 0xfc, 0x8f, 0xb9,
    0xfc, 0x8f, 0xb9, 0xfc, 0x8f, 0xb9, 0xfc, 0x8f,
    0xc0, 0x0, 0x13, 0x29, 0xfc, 0x9f, 0xc0,

    /* U+0022 "\"" */
    0x46, 0x30, 0x16, 0x60, 0xdf, 0x90, 0x5f, 0xf0,
    0xcf, 0x80, 0x5f, 0xf0, 0xdf, 0x80, 0x5f, 0xf0,
    0xdf, 0x80, 0x5f, 0xf0,

    /* U+0023 "#" */
    0x8, 0xfd, 0x9, 0xfb, 0x0, 0x8, 0xfd, 0x9,
    0xfb, 0x0, 0xef, 0xff, 0xff, 0xff, 0xf2, 0xff,
    0xff, 0xff, 0xff, 0xf2, 0x29, 0xfd, 0x3a, 0xfc,
    0x30, 0x9, 0xfd, 0xa, 0xfc, 0x0, 0x8, 0xfc,
    0x9, 0xfb, 0x0, 0x9, 0xfd, 0xa, 0xfc, 0x0,
    0x29, 0xfd, 0x3a, 0xfc, 0x30, 0xff, 0xff, 0xff,
    0xff, 0xf2, 0xef, 0xff, 0xff, 0xff, 0xf2, 0x8,
    0xfd, 0x9, 0xfb, 0x0, 0x8, 0xfd, 0x9, 0xfb,
    0x0,

    /* U+0024 "$" */
    0x0, 0x2, 0x83, 0x0, 0x0, 0x0, 0x5, 0xf8,
    0x0, 0x0, 0x0, 0x4, 0xf7, 0x0, 0x0, 0xd,
    0xff, 0xff, 0xff, 0x0, 0xd, 0xff, 0xff, 0xff,
    0x0, 0xef, 0x86, 0xf9, 0x5f, 0xf2, 0xff, 0x65,
    0xf8, 0x3f, 0xf2, 0xef, 0x64, 0xf7, 0x3, 0x30,
    0xef, 0x64, 0xf7, 0x0, 0x0, 0xd, 0xff, 0xff,
    0xff, 0x0, 0xd, 0xff, 0xff, 0xff, 0x0, 0x2,
    0x37, 0xf9, 0x5f, 0x90, 0x0, 0x5, 0xf8, 0x4f,
    0xf2, 0x23, 0x14, 0xf7, 0x2f, 0xf1, 0xff, 0x65,
    0xf8, 0x3f, 0xf2, 0xbf, 0x86, 0xf9, 0x5f, 0xc1,
    0xd, 0xff, 0xff, 0xff, 0x0, 0xd, 0xff, 0xff,
    0xff, 0x0, 0x0, 0x4, 0xf7, 0x0, 0x0, 0x0,
    0x4, 0xf7, 0x0, 0x0,

    /* U+0025 "%" */
    0xf, 0xf6, 0x0, 0xa, 0xf2, 0x2f, 0xf8, 0x10,
    0x2b, 0xf2, 0xfd, 0x8f, 0x60, 0xee, 0x30, 0xed,
    0x6f, 0x50, 0xee, 0x0, 0xf, 0xf6, 0xf, 0xc0,
    0x0, 0xf, 0xf6, 0xf, 0xc0, 0x0, 0x2, 0x35,
    0xf9, 0x20, 0x0, 0x0, 0x4, 0xf7, 0x0, 0x0,
    0x0, 0x8f, 0x33, 0xff, 0x20, 0x0, 0x9f, 0x43,
    0xff, 0x30, 0x2, 0xa4, 0x15, 0xab, 0x40, 0xb,
    0xf2, 0x3f, 0xab, 0xf2, 0x2b, 0xc1, 0x2d, 0xab,
    0xd1, 0xfd, 0x0, 0x3, 0xff, 0x20, 0xed, 0x0,
    0x3, 0xff, 0x20,

    /* U+0026 "&" */
    0x0, 0xbf, 0xfc, 0x0, 0x0, 0x2, 0xcf, 0xfd,
    0x20, 0x0, 0xd, 0xf3, 0x3e, 0xe0, 0x0, 0xd,
    0xf0, 0xe, 0xe0, 0x0, 0x0, 0xbf, 0xf3, 0xa,
    0xf2, 0x0, 0xbf, 0xf3, 0xa, 0xf2, 0xa, 0xe9,
    0xcd, 0xa, 0xf1, 0xd, 0xf9, 0xcf, 0x1b, 0xf2,
    0x5e, 0xa3, 0x4e, 0x69, 0x60, 0xff, 0x70, 0xe,
    0xfc, 0x0, 0xef, 0x60, 0x4e, 0xad, 0x30, 0xff,
    0x70, 0xcf, 0x5f, 0x90, 0xbf, 0x83, 0xcd, 0x3f,
    0xa0, 0xd, 0xff, 0xf3, 0x3f, 0xf2, 0xd, 0xff,
    0xf3, 0x3f, 0xf2,

    /* U+0027 "'" */
    0x36, 0x49, 0xfc, 0x8f, 0xc9, 0xfc, 0x9f, 0xc0,

    /* U+0028 "(" */
    0x0, 0x1, 0x30, 0x0, 0x7, 0xf0, 0x0, 0x7,
    0xf0, 0x0, 0xea, 0x0, 0x0, 0xea, 0x0, 0x9,
    0xf1, 0x0, 0x9, 0xe0, 0x0, 0x6f, 0xe0, 0x0,
    0x6f, 0xf0, 0x0, 0x6f, 0xe0, 0x0, 0x7f, 0xf0,
    0x0, 0x6f, 0xe0, 0x0, 0x7f, 0xf0, 0x0, 0x3c,
    0xe0, 0x0, 0x9, 0xf0, 0x0, 0x7, 0xe1, 0x0,
    0x0, 0xea, 0x0, 0x0, 0xda, 0x0, 0x0, 0x7,
    0xf0, 0x0, 0x7, 0xf0, 0x0, 0x1, 0x30,

    /* U+0029 ")" */
    0x22, 0x0, 0xd, 0xb0, 0x0, 0xda, 0x0, 0x0,
    0x6f, 0x10, 0x7, 0xf1, 0x0, 0x1c, 0xc0, 0x0,
    0xbc, 0x0, 0xb, 0xf9, 0x0, 0xcf, 0xa0, 0xb,
    0xf9, 0x0, 0xcf, 0xa0, 0xb, 0xf9, 0x0, 0xcf,
    0xa0, 0xb, 0xe5, 0x0, 0xcc, 0x0, 0x1c, 0x90,
    0x7, 0xf1, 0x0, 0x6f, 0x10, 0xda, 0x0, 0xd,
    0xb0, 0x0, 0x22, 0x0, 0x0,

    /* U+002A "*" */
    0x0, 0x4, 0xf7, 0x0, 0x0, 0x0, 0x4f, 0x70,
    0x0, 0x5f, 0xf4, 0xf7, 0xcf, 0x96, 0xff, 0x4f,
    0x7c, 0xf9, 0x13, 0x5f, 0xff, 0x73, 0x10, 0x2,
    0xff, 0xf5, 0x0, 0x5f, 0xf4, 0xf7, 0xcf, 0x96,
    0xff, 0x5f, 0x8c, 0xf9, 0x3, 0x24, 0xf7, 0x23,
    0x10, 0x0, 0x5f, 0x80, 0x0, 0x0, 0x4, 0xf7,
    0x0, 0x0,

    /* U+002B "+" */
    0x0, 0x9, 0xfc, 0x0, 0x0, 0x0, 0x9f, 0xc0,
    0x0, 0x0, 0x8, 0xfc, 0x0, 0x0, 0x0, 0x9f,
    0xc0, 0x0, 0x13, 0x3a, 0xfc, 0x33, 0x16, 0xff,
    0xff, 0xff, 0xf9, 0x5f, 0xff, 0xff, 0xff, 0x90,
    0x0, 0x9f, 0xc0, 0x0, 0x0, 0x9, 0xfc, 0x0,
    0x0, 0x0, 0x9f, 0xc0, 0x0, 0x0, 0x9, 0xfc,
    0x0, 0x0,

    /* U+002C "," */
    0x56, 0x60, 0xef, 0xf1, 0xdf, 0xf0, 0xdf, 0xf1,
    0xdf, 0xf0, 0xb, 0xf0, 0x2c, 0xc0, 0xdf, 0x0,
    0xde, 0x0,

    /* U+002D "-" */
    0x3, 0x33, 0x33, 0x14, 0xff, 0xff, 0xf7, 0x4f,
    0xff, 0xff, 0x70,

    /* U+002E "." */
    0x56, 0x60, 0xef, 0xf1, 0xdf, 0xf0, 0xdf, 0xf1,
    0xdf, 0xf0,

    /* U+002F "/" */
    0x0, 0x0, 0x0, 0x3, 0x30, 0x0, 0x0, 0x0,
    0x3f, 0xf2, 0x0, 0x0, 0x0, 0x3f, 0xf2, 0x0,
    0x0, 0x0, 0xff, 0x40, 0x0, 0x0, 0x0, 0xff,
    0x40, 0x0, 0x0, 0xe, 0xf7, 0x0, 0x0, 0x0,
    0xe, 0xf7, 0x0, 0x0, 0x0, 0xbf, 0xc2, 0x0,
    0x0, 0x0, 0xbf, 0xa0, 0x0, 0x0, 0x9, 0xfc,
    0x0, 0x0, 0x0, 0x9, 0xfc, 0x0, 0x0, 0x0,
    0x2b, 0xf4, 0x0, 0x0, 0x0, 0x7f, 0xf0, 0x0,
    0x0, 0x1, 0xaf, 0x60, 0x0, 0x0, 0x4, 0xff,
    0x20, 0x0, 0x0, 0x6, 0xfd, 0x10, 0x0, 0x0,
    0x1f, 0xf4, 0x0, 0x0, 0x0, 0x1f, 0xf4, 0x0,
    0x0, 0x0, 0xef, 0x60, 0x0, 0x0, 0x0, 0xff,
    0x60, 0x0, 0x0, 0x0, 0x23, 0x10, 0x0, 0x0,
    0x0,

    /* U+0030 "0" */
    0x0, 0xd, 0xff, 0x0, 0x0, 0x0, 0xdf, 0xf1,
    0x0, 0x4, 0xf6, 0x33, 0xf7, 0x0, 0x4f, 0x40,
    0xf, 0x70, 0x1f, 0xf4, 0x0, 0xff, 0x41, 0xff,
    0x40, 0x1f, 0xf4, 0x1f, 0xf3, 0x0, 0xff, 0x42,
    0xff, 0x40, 0x1f, 0xf5, 0x1f, 0xf3, 0x0, 0xff,
    0x42, 0xff, 0x40, 0x1f, 0xf5, 0xa, 0xf3, 0x0,
    0xfc, 0x20, 0x4f, 0x40, 0x1f, 0x70, 0x3, 0xc5,
    0x33, 0xc5, 0x0, 0x0, 0xdf, 0xf1, 0x0, 0x0,
    0xd, 0xff, 0x0, 0x0,

    /* U+0031 "1" */
    0x0, 0x9f, 0xc0, 0x0, 0x3, 0xaf, 0xc0, 0x0,
    0x4f, 0xff, 0xc0, 0x0, 0x4f, 0xff, 0xc0, 0x0,
    0x0, 0x9f, 0xc0, 0x0, 0x0, 0x9f, 0xc0, 0x0,
    0x0, 0x8f, 0xc0, 0x0, 0x0, 0x9f, 0xc0, 0x0,
    0x0, 0x8f, 0xb0, 0x0, 0x0, 0x9f, 0xc0, 0x0,
    0x0, 0x8f, 0xb0, 0x0, 0x0, 0x9f, 0xc0, 0x0,
    0x23, 0xaf, 0xc3, 0x30, 0xdf, 0xff, 0xff, 0xf0,
    0xdf, 0xff, 0xff, 0xf0,

    /* U+0032 "2" */
    0x4, 0xff, 0xff, 0xf7, 0x0, 0x4f, 0xff, 0xff,
    0x70, 0x5f, 0x83, 0x33, 0xcf, 0x96, 0xf6, 0x0,
    0xc, 0xf9, 0x13, 0x10, 0x0, 0xcf, 0x80, 0x0,
    0x0, 0xc, 0xf9, 0x0, 0x0, 0x2f, 0xf2, 0x0,
    0x0, 0x2, 0xff, 0x20, 0x0, 0x9, 0xfc, 0x0,
    0x0, 0x0, 0x9f, 0xc0, 0x0, 0x0, 0xce, 0x72,
    0x0, 0x0, 0xf, 0xf6, 0x0, 0x0, 0x13, 0xff,
    0x73, 0x33, 0x16, 0xff, 0xff, 0xff, 0xf9, 0x5f,
    0xff, 0xff, 0xff, 0x90,

    /* U+0033 "3" */
    0x4, 0xff, 0xff, 0xf7, 0x0, 0x4f, 0xff, 0xff,
    0x70, 0x5f, 0xf3, 0x33, 0xcf, 0x96, 0xff, 0x0,
    0xc, 0xf9, 0x13, 0x30, 0x0, 0xcf, 0x80, 0x0,
    0x0, 0xc, 0xf9, 0x0, 0x9, 0xff, 0xf7, 0x0,
    0x0, 0x9f, 0xff, 0x70, 0x0, 0x1, 0x33, 0xdc,
    0x50, 0x0, 0x0, 0xd, 0xf9, 0x13, 0x30, 0x0,
    0xbf, 0x86, 0xff, 0x0, 0xc, 0xf9, 0x4d, 0xf3,
    0x33, 0xce, 0x70, 0x4f, 0xff, 0xff, 0x70, 0x4,
    0xff, 0xff, 0xf7, 0x0,

    /* U+0034 "4" */
    0x0, 0x0, 0xff, 0xff, 0x0, 0x0, 0x13, 0xff,
    0xff, 0x0, 0x0, 0x6f, 0x47, 0xff, 0x0, 0x0,
    0x6f, 0x15, 0xff, 0x0, 0x4, 0xf4, 0x5, 0xff,
    0x0, 0x4, 0xf4, 0x5, 0xff, 0x0, 0x1d, 0x80,
    0x5, 0xff, 0x0, 0x1f, 0x60, 0x5, 0xff, 0x0,
    0xef, 0xff, 0xff, 0xff, 0xf2, 0xff, 0xff, 0xff,
    0xff, 0xf2, 0x23, 0x33, 0x37, 0xff, 0x30, 0x0,
    0x0, 0x5, 0xff, 0x0, 0x0, 0x0, 0x4, 0xff,
    0x0, 0x0, 0x0, 0x5, 0xff, 0x0, 0x0, 0x0,
    0x5, 0xff, 0x0,

    /* U+0035 "5" */
    0x5f, 0xff, 0xff, 0xff, 0x40, 0x6f, 0xff, 0xff,
    0xff, 0x40, 0x5f, 0xf3, 0x33, 0x33, 0x0, 0x6f,
    0xf0, 0x0, 0x0, 0x0, 0x5f, 0xf4, 0xff, 0xe0,
    0x0, 0x6f, 0xf5, 0xff, 0xe0, 0x0, 0x5f, 0xfd,
    0x33, 0xff, 0x40, 0x6f, 0xfd, 0x0, 0xff, 0x40,
    0x0, 0x0, 0x0, 0x3f, 0xf2, 0x0, 0x0, 0x0,
    0x4f, 0xf2, 0x13, 0x10, 0x0, 0x5f, 0x60, 0x6f,
    0x60, 0x1, 0xff, 0x50, 0x4d, 0x83, 0x33, 0xfc,
    0x30, 0x4, 0xff, 0xff, 0xe0, 0x0, 0x4, 0xff,
    0xff, 0xe0, 0x0,

    /* U+0036 "6" */
    0x0, 0x6, 0xff, 0xf9, 0x0, 0x23, 0x9f, 0xff,
    0x90, 0xb, 0xfc, 0x33, 0x31, 0x0, 0xaf, 0xa0,
    0x0, 0x0, 0x8f, 0xd0, 0x0, 0x0, 0x8, 0xfd,
    0x0, 0x0, 0x0, 0x8f, 0xd6, 0xff, 0xf9, 0x8,
    0xfd, 0x7f, 0xff, 0xa0, 0x7f, 0xe5, 0x33, 0xbb,
    0x48, 0xff, 0xb0, 0xa, 0xfb, 0x4d, 0xfa, 0x0,
    0x9f, 0xa0, 0xbf, 0xb0, 0xa, 0xfb, 0x8, 0xc9,
    0x33, 0xbc, 0x80, 0x0, 0x7f, 0xff, 0x0, 0x0,
    0x6, 0xff, 0xf0, 0x0,

    /* U+0037 "7" */
    0x5f, 0xff, 0xff, 0xff, 0x96, 0xff, 0xff, 0xff,
    0xf9, 0x3, 0x33, 0x33, 0xdf, 0x80, 0x0, 0x0,
    0xc, 0xf9, 0x0, 0x0, 0x9, 0xfb, 0x0, 0x0,
    0x0, 0x9f, 0xb0, 0x0, 0x0, 0x7f, 0xe0, 0x0,
    0x0, 0x7, 0xfe, 0x0, 0x0, 0x1, 0xaf, 0x50,
    0x0, 0x0, 0x5f, 0xf1, 0x0, 0x0, 0x1b, 0xf8,
    0x0, 0x0, 0x2, 0xff, 0x30, 0x0, 0x0, 0x4f,
    0xd2, 0x0, 0x0, 0xf, 0xf6, 0x0, 0x0, 0x0,
    0xff, 0x50, 0x0, 0x0,

    /* U+0038 "8" */
    0x0, 0xbf, 0xff, 0xe0, 0x0, 0xb, 0xff, 0xfe,
    0x0, 0x1f, 0xf6, 0x33, 0xff, 0x41, 0xff, 0x40,
    0xf, 0xf4, 0x1f, 0xf4, 0x0, 0xff, 0x41, 0xff,
    0x40, 0xf, 0xf4, 0x0, 0xbf, 0xff, 0xe0, 0x0,
    0xb, 0xff, 0xfe, 0x0, 0x6, 0xc6, 0x33, 0xe6,
    0x12, 0xff, 0x40, 0x1f, 0xf5, 0x1f, 0xf3, 0x0,
    0xff, 0x41, 0xff, 0x40, 0x1f, 0xf5, 0x1c, 0xe6,
    0x33, 0xfc, 0x30, 0xb, 0xff, 0xfe, 0x0, 0x0,
    0xbf, 0xff, 0xe0, 0x0,

    /* U+0039 "9" */
    0x0, 0xdf, 0xfa, 0x0, 0x0, 0xd, 0xff, 0xa0,
    0x0, 0x8f, 0xd3, 0x39, 0xfd, 0x8, 0xfd, 0x0,
    0x7f, 0xd0, 0x8f, 0xd0, 0x7, 0xff, 0xb8, 0xfd,
    0x0, 0x7f, 0xfb, 0x6, 0xff, 0xfa, 0xaf, 0xb0,
    0x6f, 0xff, 0xaa, 0xfb, 0x1, 0x33, 0x31, 0x9f,
    0xa0, 0x0, 0x0, 0xa, 0xfb, 0x0, 0x0, 0x1,
    0xbe, 0x60, 0x0, 0x0, 0x7f, 0xe0, 0x1, 0x33,
    0x37, 0xca, 0x0, 0x6f, 0xff, 0xa0, 0x0, 0x6,
    0xff, 0xfa, 0x0, 0x0,

    /* U+003A ":" */
    0xdf, 0xf0, 0xdf, 0xf1, 0xdf, 0xf0, 0xef, 0xf1,
    0x56, 0x60, 0x0, 0x0, 0x0, 0x0, 0x0, 0x0,
    0x56, 0x60, 0xef, 0xf1, 0xdf, 0xf0, 0xdf, 0xf1,
    0xdf, 0xf0,

    /* U+003B ";" */
    0x56, 0x60, 0xef, 0xf1, 0xdf, 0xf0, 0xdf, 0xf1,
    0xdf, 0xf0, 0x0, 0x0, 0x0, 0x0, 0x0, 0x0,
    0x0, 0x0, 0x56, 0x60, 0xef, 0xf1, 0xdf, 0xf0,
    0xdf, 0xf1, 0xdf, 0xf0, 0xb, 0xf0, 0x2c, 0xc0,
    0xdf, 0x0, 0xde, 0x0,

    /* U+003C "<" */
    0x0, 0x0, 0x7f, 0xd0, 0x0, 0x29, 0xfe, 0x0,
    0xe, 0xf9, 0x20, 0x0, 0xdf, 0x70, 0x4, 0xff,
    0x10, 0x0, 0x4f, 0xf1, 0x0, 0xaf, 0xb3, 0x0,
    0xa, 0xfa, 0x0, 0x0, 0x4, 0xff, 0x10, 0x0,
    0x4f, 0xf1, 0x0, 0x0, 0x3e, 0x31, 0x0, 0x0,
    0xef, 0x70, 0x0, 0xa, 0xe9, 0x20, 0x0, 0x7,
    0xfe, 0x0, 0x0, 0x7f, 0xd0,

    /* U+003D "=" */
    0xdf, 0xff, 0xff, 0xf0, 0xdf, 0xff, 0xff, 0xf0,
    0x23, 0x33, 0x33, 0x30, 0x0, 0x0, 0x0, 0x0,
    0xdf, 0xff, 0xff, 0xf0, 0xdf, 0xff, 0xff, 0xf0,
    0x23, 0x33, 0x33, 0x20,

    /* U+003E ">" */
    0xaf, 0xa0, 0x0, 0xb, 0xfb, 0x30, 0x0, 0x16,
    0xff, 0x10, 0x0, 0x4f, 0xf1, 0x0, 0x0, 0xd,
    0xf7, 0x0, 0x0, 0xef, 0x70, 0x0, 0x2, 0x9f,
    0xd0, 0x0, 0x7, 0xfd, 0x0, 0xe, 0xf7, 0x0,
    0x0, 0xef, 0x70, 0x0, 0x3e, 0x31, 0x0, 0x4f,
    0xf1, 0x0, 0x26, 0xec, 0x0, 0xb, 0xfb, 0x0,
    0x0, 0xaf, 0xa0, 0x0, 0x0,

    /* U+003F "?" */
    0x4, 0xff, 0xff, 0xf7, 0x0, 0x4f, 0xff, 0xff,
    0x70, 0xef, 0x83, 0x33, 0xcf, 0x9f, 0xf6, 0x0,
    0xc, 0xf9, 0x23, 0x10, 0x0, 0xcf, 0x80, 0x0,
    0x0, 0xc, 0xf9, 0x0, 0x0, 0x2f, 0xf2, 0x0,
    0x0, 0x2, 0xff, 0x20, 0x0, 0x9, 0xfc, 0x0,
    0x0, 0x0, 0x9f, 0xc0, 0x0, 0x0, 0x1, 0x32,
    0x0, 0x0, 0x0, 0x0, 0x0, 0x0, 0x0, 0x1,
    0x32, 0x0, 0x0, 0x0, 0x9f, 0xc0, 0x0, 0x0,
    0x9, 0xfc, 0x0, 0x0,

    /* U+0040 "@" */
    0x0, 0x23, 0x33, 0x20, 0x0, 0x0, 0xbf, 0xff,
    0xe0, 0x0, 0x0, 0xbf, 0xff, 0xe0, 0x0, 0xd,
    0xf0, 0x5, 0xff, 0x0, 0x2d, 0xf0, 0x17, 0xff,
    0x30, 0xfd, 0x20, 0x7f, 0xff, 0xf2, 0xed, 0x0,
    0x7f, 0xff, 0xf2, 0xed, 0x4, 0xf7, 0xa, 0xf2,
    0xfd, 0x5, 0xf8, 0xa, 0xf2, 0xed, 0x4, 0xf7,
    0xa, 0xf1, 0xed, 0x5, 0xf7, 0xa, 0xf2, 0xed,
    0x1, 0xaf, 0xff, 0xf2, 0xfe, 0x0, 0x7f, 0xff,
    0xf2, 0x2b, 0x30, 0x13, 0x33, 0x30, 0xd, 0xf0,
    0x0, 0x0, 0x0, 0xa, 0xe3, 0x33, 0x33, 0x0,
    0x0, 0xbf, 0xff, 0xff, 0x0, 0x0, 0xbf, 0xff,
    0xff, 0x0,

    /* U+0041 "A" */
    0x0, 0x2f, 0xff, 0x50, 0x0, 0x0, 0x2f, 0xff,
    0x50, 0x0, 0x0, 0x9f, 0xff, 0xc0, 0x0, 0x0,
    0xbf, 0xff, 0xe0, 0x0, 0x8, 0xfe, 0x6c, 0xfb,
    0x0, 0x8, 0xfd, 0xa, 0xfb, 0x0, 0x1f, 0xf4,
    0x0, 0xff, 0x40, 0x1f, 0xf4, 0x0, 0xff, 0x40,
    0x1f, 0xff, 0xff, 0xff, 0x40, 0x2f, 0xff, 0xff,
    0xff, 0x50, 0x6f, 0x83, 0x33, 0x5f, 0x80, 0xff,
    0x70, 0x0, 0x3f, 0xf2, 0xef, 0x60, 0x0, 0x2f,
    0xf1, 0xff, 0x60, 0x0, 0x3f, 0xf2, 0xef, 0x60,
    0x0, 0x3f, 0xf2,

    /* U+0042 "B" */
    0xef, 0xff, 0xff, 0xff, 0x0, 0xff, 0xff, 0xff,
    0xff, 0x0, 0xef, 0x83, 0x33, 0x5f, 0xf2, 0xef,
    0x60, 0x0, 0x3f, 0xf2, 0xef, 0x60, 0x0, 0x3f,
    0xf2, 0xef, 0x60, 0x0, 0x3f, 0xf2, 0xef, 0xff,
    0xff, 0xff, 0x0, 0xff, 0xff, 0xff, 0xff, 0x0,
    0xef, 0x83, 0x33, 0x5f, 0x60, 0xff, 0x70, 0x0,
    0x3f, 0xf2, 0xef, 0x60, 0x0, 0x2f, 0xf1, 0xff,
    0x60, 0x0, 0x3f, 0xf2, 0xef, 0x83, 0x33, 0x5f,
    0xc1, 0xff, 0xff, 0xff, 0xff, 0x0, 0xef, 0xff,
    0xff, 0xff, 0x0,

    /* U+0043 "C" */
    0x0, 0xbf, 0xff, 0xff, 0x0, 0x2, 0xcf, 0xff,
    0xff, 0x30, 0xd, 0xf9, 0x33, 0x5f, 0xf2, 0xd,
    0xf8, 0x0, 0x3f, 0xf2, 0xef, 0x60, 0x0, 0x0,
    0x0, 0xff, 0x60, 0x0, 0x0, 0x0, 0xef, 0x60,
    0x0, 0x0, 0x0, 0xff, 0x70, 0x0, 0x0, 0x0,
    0xef, 0x60, 0x0, 0x0, 0x0, 0xff, 0x70, 0x0,
    0x0, 0x0, 0x8e, 0x81, 0x0, 0x3, 0x30, 0xd,
    0xf8, 0x0, 0x3f, 0xf2, 0xa, 0xe9, 0x33, 0x5f,
    0xc1, 0x0, 0xbf, 0xff, 0xff, 0x0, 0x0, 0xbf,
    0xff, 0xff, 0x0,

    /* U+0044 "D" */
    0xef, 0xff, 0xff, 0xe0, 0x0, 0xff, 0xff, 0xff,
    0xe0, 0x0, 0xef, 0x83, 0x37, 0xff, 0x0, 0xef,
    0x60, 0x5, 0xff, 0x0, 0xef, 0x60, 0x0, 0x3f,
    0xf2, 0xff, 0x60, 0x0, 0x3f, 0xf2, 0xef, 0x60,
    0x0, 0x3f, 0xf1, 0xff, 0x70, 0x0, 0x3f, 0xf2,
    0xef, 0x60, 0x0, 0x2f, 0xf1, 0xff, 0x70, 0x0,
    0x3f, 0xf2, 0xef, 0x60, 0x1, 0x8f, 0x91, 0xff,
    0x70, 0x5, 0xff, 0x0, 0xef, 0x83, 0x37, 0xfc,
    0x0, 0xff, 0xff, 0xff, 0xe0, 0x0, 0xef, 0xff,
    0xff, 0xe0, 0x0,

    /* U+0045 "E" */
    0xdf, 0xff, 0xff, 0xf0, 0xdf, 0xff, 0xff, 0xf0,
    0xcf, 0x93, 0x33, 0x20, 0xdf, 0x80, 0x0, 0x0,
    0xdf, 0x80, 0x0, 0x0, 0xdf, 0x80, 0x0, 0x0,
    0xdf, 0xff, 0xff, 0xf0, 0xdf, 0xff, 0xff, 0xf0,
    0xcf, 0x93, 0x33, 0x30, 0xdf, 0x90, 0x0, 0x0,
    0xcf, 0x80, 0x0, 0x0, 0xdf, 0x90, 0x0, 0x0,
    0xcf, 0x93, 0x33, 0x30, 0xdf, 0xff, 0xff, 0xf0,
    0xdf, 0xff, 0xff, 0xf0,

    /* U+0046 "F" */
    0xdf, 0xff, 0xff, 0xf0, 0xdf, 0xff, 0xff, 0xf0,
    0xcf, 0x93, 0x33, 0x20, 0xdf, 0x80, 0x0, 0x0,
    0xdf, 0x80, 0x0, 0x0, 0xdf, 0x80, 0x0, 0x0,
    0xdf, 0xff, 0xff, 0xf0, 0xdf, 0xff, 0xff, 0xf0,
    0xcf, 0x93, 0x33, 0x30, 0xdf, 0x90, 0x0, 0x0,
    0xcf, 0x80, 0x0, 0x0, 0xdf, 0x90, 0x0, 0x0,
    0xcf, 0x80, 0x0, 0x0, 0xdf, 0x80, 0x0, 0x0,
    0xdf, 0x80, 0x0, 0x0,

    /* U+0047 "G" */
    0x0, 0xbf, 0xff, 0xff, 0x0, 0x0, 0xbf, 0xff,
    0xff, 0x0, 0xd, 0xf9, 0x33, 0x5f, 0xf2, 0xd,
    0xf8, 0x0, 0x3f, 0xf2, 0xef, 0x60, 0x0, 0x0,
    0x0, 0xef, 0x60, 0x0, 0x0, 0x0, 0xef, 0x60,
    0xe, 0xff, 0xf2, 0xff, 0x60, 0xe, 0xff, 0xf2,
    0xef, 0x60, 0x2, 0x5f, 0xf1, 0xff, 0x70, 0x0,
    0x3f, 0xf2, 0x8e, 0xa3, 0x0, 0x2f, 0xf1, 0xd,
    0xf9, 0x0, 0x3f, 0xf2, 0xa, 0xe9, 0x33, 0x5f,
    0xc1, 0x0, 0xbf, 0xff, 0xff, 0x0, 0x0, 0xbf,
    0xff, 0xff, 0x0,

    /* U+0048 "H" */
    0xef, 0x60, 0x0, 0x3f, 0xf2, 0xef, 0x60, 0x0,
    0x3f, 0xf2, 0xef, 0x60, 0x0, 0x3f, 0xf2, 0xef,
    0x60, 0x0, 0x3f, 0xf2, 0xef, 0x60, 0x0, 0x3f,
    0xf2, 0xef, 0x60, 0x0, 0x3f, 0xf2, 0xef, 0xff,
    0xff, 0xff, 0xf2, 0xff, 0xff, 0xff, 0xff, 0xf2,
    0xef, 0x83, 0x33, 0x5f, 0xf1, 0xff, 0x70, 0x0,
    0x3f, 0xf2, 0xef, 0x60, 0x0, 0x2f, 0xf1, 0xff,
    0x70, 0x0, 0x3f, 0xf2, 0xef, 0x60, 0x0, 0x2f,
    0xf1, 0xff, 0x60, 0x0, 0x3f, 0xf2, 0xef, 0x60,
    0x0, 0x3f, 0xf2,

    /* U+0049 "I" */
    0x4f, 0xff, 0xff, 0x74, 0xff, 0xff, 0xf7, 0x3,
    0xaf, 0xc3, 0x10, 0x9, 0xfc, 0x0, 0x0, 0x8f,
    0xb0, 0x0, 0x9, 0xfc, 0x0, 0x0, 0x8f, 0xb0,
    0x0, 0x9, 0xfc, 0x0, 0x0, 0x8f, 0xb0, 0x0,
    0x9, 0xfc, 0x0, 0x0, 0x8f, 0xb0, 0x0, 0x9,
    0xfc, 0x0, 0x3, 0xaf, 0xc3, 0x14, 0xff, 0xff,
    0xf7, 0x4f, 0xff, 0xff, 0x70,

    /* U+004A "J" */
    0x0, 0x2f, 0xff, 0xff, 0x90, 0x2, 0xff, 0xff,
    0xf9, 0x0, 0x3, 0x8f, 0xe3, 0x10, 0x0, 0x7,
    0xfe, 0x0, 0x0, 0x0, 0x6f, 0xd0, 0x0, 0x0,
    0x7, 0xfe, 0x0, 0x0, 0x0, 0x6f, 0xd0, 0x0,
    0x0, 0x7, 0xfe, 0x0, 0x0, 0x0, 0x6f, 0xd0,
    0x0, 0x0, 0x7, 0xfe, 0x0, 0x23, 0x10, 0x7f,
    0xe0, 0xf, 0xf6, 0x7, 0xfe, 0x0, 0xbf, 0x83,
    0x9f, 0xb0, 0x0, 0xdf, 0xff, 0xc0, 0x0, 0xd,
    0xff, 0xfc, 0x0, 0x0,

    /* U+004B "K" */
    0xef, 0x60, 0x0, 0x3f, 0xf2, 0xef, 0x60, 0x0,
    0x5f, 0xf2, 0xff, 0x60, 0x1, 0xff, 0x60, 0xef,
    0x60, 0x0, 0xff, 0x40, 0xef, 0x60, 0xbf, 0x90,
    0x0, 0xef, 0x60, 0xbf, 0xa0, 0x0, 0xef, 0xff,
    0xf5, 0x10, 0x0, 0xef, 0xff, 0xf3, 0x0, 0x0,
    0xef, 0x60, 0xbf, 0x90, 0x0, 0xff, 0x70, 0xcf,
    0xa0, 0x0, 0xef, 0x60, 0x23, 0xa3, 0x0, 0xff,
    0x60, 0x1, 0xff, 0x50, 0xef, 0x60, 0x0, 0xdf,
    0x60, 0xff, 0x60, 0x0, 0x3f, 0xf2, 0xef, 0x60,
    0x0, 0x3f, 0xf2,

    /* U+004C "L" */
    0xdf, 0x80, 0x0, 0x0, 0xd, 0xf8, 0x0, 0x0,
    0x0, 0xcf, 0x80, 0x0, 0x0, 0xd, 0xf8, 0x0,
    0x0, 0x0, 0xcf, 0x80, 0x0, 0x0, 0xd, 0xf9,
    0x0, 0x0, 0x0, 0xcf, 0x80, 0x0, 0x0, 0xd,
    0xf9, 0x0, 0x0, 0x0, 0xcf, 0x80, 0x0, 0x0,
    0xd, 0xf9, 0x0, 0x0, 0x0, 0xcf, 0x80, 0x0,
    0x0, 0xd, 0xf8, 0x0, 0x0, 0x0, 0xcf, 0x93,
    0x33, 0x33, 0xd, 0xff, 0xff, 0xff, 0xf2, 0xdf,
    0xff, 0xff, 0xff, 0x20,

    /* U+004D "M" */
    0xef, 0xf0, 0x0, 0xcf, 0xf2, 0xef, 0xf2, 0x1,
    0xdf, 0xf1, 0xff, 0xfd, 0xa, 0xff, 0xf2, 0xef,
    0xfd, 0x9, 0xff, 0xf2, 0xef, 0x6d, 0x4f, 0x4f,
    0xf2, 0xef, 0x6d, 0x4f, 0x4f, 0xf2, 0xef, 0x6d,
    0xff, 0x4f, 0xf2, 0xff, 0x6d, 0xff, 0x4f, 0xf2,
    0xef, 0x66, 0xf9, 0x3f, 0xf1, 0xff, 0x75, 0xf8,
    0x3f, 0xf2, 0xef, 0x64, 0xf7, 0x2f, 0xf1, 0xff,
    0x75, 0xf8, 0x3f, 0xf2, 0xef, 0x62, 0x94, 0x2f,
    0xf1, 0xff, 0x60, 0x0, 0x3f, 0xf2, 0xef, 0x60,
    0x0, 0x3f, 0xf1,

    /* U+004E "N" */
    0xef, 0xf0, 0x0, 0x3f, 0xf2, 0xef, 0xf0, 0x0,
    0x3f, 0xf2, 0xef, 0xfd, 0x0, 0x3f, 0xf2, 0xef,
    0xfd, 0x0, 0x3f, 0xf2, 0xef, 0xff, 0xa0, 0x3f,
    0xf2, 0xef, 0xff, 0xa0, 0x3f, 0xf2, 0xef, 0x69,
    0xfc, 0x3f, 0xf1, 0xff, 0x69, 0xfc, 0x3f, 0xf2,
    0xef, 0x63, 0xad, 0x8f, 0xf1, 0xff, 0x70, 0x7f,
    0xff, 0xf2, 0xef, 0x60, 0x2c, 0xff, 0xf1, 0xff,
    0x70, 0xa, 0xff, 0xf2, 0xef, 0x60, 0x9, 0xff,
    0xf1, 0xef, 0x60, 0x0, 0x3f, 0xf2, 0xef, 0x60,
    0x0, 0x3f, 0xf2,

    /* U+004F "O" */
    0x0, 0xbf, 0xff, 0xe0, 0x0, 0x0, 0xbf, 0xff,
    0xe0, 0x0, 0x1f, 0xf6, 0x33, 0xff, 0x40, 0x1f,
    0xf4, 0x0, 0xff, 0x40, 0xef, 0x60, 0x0, 0x3f,
    0xf2, 0xff, 0x60, 0x0, 0x3f, 0xf2, 0xef, 0x60,
    0x0, 0x3f, 0xf1, 0xff, 0x70, 0x0, 0x3f, 0xf2,
    0xef, 0x60, 0x0, 0x2f, 0xf1, 0xff, 0x70, 0x0,
    0x3f, 0xf2, 0x9f, 0xa1, 0x0, 0x8f, 0xb1, 0x2f,
    0xf4, 0x1, 0xff, 0x50, 0x1c, 0xe6, 0x33, 0xfc,
    0x30, 0x0, 0xbf, 0xff, 0xe0, 0x0, 0x0, 0xbf,
    0xff, 0xe0, 0x0,

    /* U+0050 "P" */
    0xef, 0xff, 0xff, 0xff, 0x0, 0xef, 0xff, 0xff,
    0xff, 0x0, 0xef, 0x83, 0x33, 0x5f, 0xf2, 0xef,
    0x60, 0x0, 0x3f, 0xf2, 0xef, 0x60, 0x0, 0x3f,
    0xf2, 0xef, 0x60, 0x0, 0x3f, 0xf2, 0xef, 0xff,
    0xff, 0xff, 0x0, 0xff, 0xff, 0xff, 0xff, 0x0,
    0xef, 0x83, 0x33, 0x33, 0x0, 0xff, 0x70, 0x0,
    0x0, 0x0, 0xef, 0x60, 0x0, 0x0, 0x0, 0xff,
    0x70, 0x0, 0x0, 0x0, 0xef, 0x60, 0x0, 0x0,
    0x0, 0xff, 0x60, 0x0, 0x0, 0x0, 0xef, 0x60,
    0x0, 0x0, 0x0,

    /* U+0051 "Q" */
    0x0, 0xbf, 0xff, 0xe0, 0x0, 0x1f, 0xff, 0xff,
    0xff, 0x40, 0x2f, 0xf6, 0x33, 0xff, 0x50, 0x1f,
    0xf4, 0x0, 0xff, 0x40, 0xef, 0x60, 0x0, 0x3f,
    0xf2, 0xff, 0x60, 0x0, 0x3f, 0xf2, 0xef, 0x60,
    0x0, 0x3f, 0xf1, 0xff, 0x70, 0x0, 0x3f, 0xf2,
    0xef, 0x60, 0x0, 0x2f, 0xf1, 0xff, 0x70, 0x0,
    0x3f, 0xf2, 0x9f, 0xa1, 0x0, 0x8f, 0xb1, 0x1f,
    0xf4, 0x1, 0xff, 0x40, 0x0, 0xb6, 0x33, 0xe0,
    0x0, 0x0, 0xbf, 0xff, 0xf0, 0x0, 0x0, 0xaf,
    0xff, 0xe0, 0x0, 0x0, 0x0, 0x5, 0xff, 0x0,
    0x0, 0x0, 0x4, 0xdf, 0x30, 0x0, 0x0, 0x0,
    0x3f, 0xf2, 0x0, 0x0, 0x0, 0x3f, 0xf2,

    /* U+0052 "R" */
    0xef, 0xff, 0xff, 0xff, 0x0, 0xef, 0xff, 0xff,
    0xff, 0x30, 0xff, 0x83, 0x33, 0xdf, 0xf2, 0xef,
    0x60, 0x0, 0xcf, 0xf2, 0xef, 0x60, 0x0, 0xcf,
    0x90, 0xef, 0x60, 0x0, 0xcf, 0x90, 0xef, 0xff,
    0xff, 0xe0, 0x0, 0xff, 0xff, 0xff, 0xe0, 0x0,
    0xef, 0x83, 0x3e, 0xf5, 0x0, 0xff, 0x70, 0xe,
    0xf7, 0x0, 0xef, 0x60, 0x6, 0xfb, 0x20, 0xff,
    0x70, 0x1, 0xff, 0x50, 0xef, 0x60, 0x0, 0xdf,
    0x60, 0xff, 0x60, 0x0, 0x3f, 0xf2, 0xef, 0x60,
    0x0, 0x3f, 0xf2,

    /* U+0053 "S" */
    0xd, 0xff, 0xff, 0xff, 0x0, 0xd, 0xff, 0xff,
    0xff, 0x0, 0xef, 0x83, 0x33, 0x5f, 0xf2, 0xff,
    0x60, 0x0, 0x3f, 0xf2, 0xef, 0x60, 0x0, 0x3,
    0x30, 0xef, 0x60, 0x0, 0x0, 0x0, 0xd, 0xff,
    0xff, 0xff, 0x0, 0xd, 0xff, 0xff, 0xff, 0x0,
    0x2, 0x33, 0x33, 0x5f, 0x90, 0x0, 0x0, 0x0,
    0x4f, 0xf2, 0x23, 0x10, 0x0, 0x2f, 0xf1, 0xff,
    0x60, 0x0, 0x3f, 0xf2, 0xbf, 0x83, 0x33, 0x5f,
    0xc1, 0xd, 0xff, 0xff, 0xff, 0x0, 0xd, 0xff,
    0xff, 0xff, 0x0,

    /* U+0054 "T" */
    0xef, 0xff, 0xff, 0xff, 0xf2, 0xff, 0xff, 0xff,
    0xff, 0xf2, 0x23, 0x3a, 0xfc, 0x33, 0x30, 0x0,
    0x9, 0xfc, 0x0, 0x0, 0x0, 0x8, 0xfb, 0x0,
    0x0, 0x0, 0x9, 0xfc, 0x0, 0x0, 0x0, 0x8,
    0xfb, 0x0, 0x0, 0x0, 0x9, 0xfc, 0x0, 0x0,
    0x0, 0x8, 0xfb, 0x0, 0x0, 0x0, 0x9, 0xfc,
    0x0, 0x0, 0x0, 0x8, 0xfb, 0x0, 0x0, 0x0,
    0x9, 0xfc, 0x0, 0x0, 0x0, 0x8, 0xfc, 0x0,
    0x0, 0x0, 0x9, 0xfc, 0x0, 0x0, 0x0, 0x9,
    0xfc, 0x0, 0x0,

    /* U+0055 "U" */
    0xef, 0x60, 0x0, 0x3f, 0xf2, 0xff, 0x60, 0x0,
    0x3f, 0xf2, 0xef, 0x60, 0x0, 0x3f, 0xf1, 0xff,
    0x60, 0x0, 0x3f, 0xf2, 0xef, 0x60, 0x0, 0x3f,
    0xf1, 0xff, 0x70, 0x0, 0x3f, 0xf2, 0xef, 0x60,
    0x0, 0x2f, 0xf1, 0xff, 0x70, 0x0, 0x3f, 0xf2,
    0xef, 0x60, 0x0, 0x2f, 0xf1, 0xff, 0x70, 0x0,
    0x3f, 0xf2, 0xef, 0x60, 0x0, 0x2f, 0xf1, 0xff,
    0x60, 0x0, 0x3f, 0xf2, 0xbf, 0x83, 0x33, 0x5f,
    0xc1, 0xd, 0xff, 0xff, 0xff, 0x0, 0xd, 0xff,
    0xff, 0xff, 0x0,

    /* U+0056 "V" */
    0xef, 0x60, 0x0, 0x3f, 0xf2, 0xff, 0x60, 0x0,
    0x3f, 0xf2, 0xef, 0x60, 0x0, 0x3f, 0xf1, 0xff,
    0x70, 0x0, 0x3f, 0xf2, 0xef, 0x60, 0x0, 0x2f,
    0xf1, 0xff, 0x70, 0x0, 0x3f, 0xf2, 0x9f, 0xa1,
    0x0, 0x8f, 0xb1, 0x2f, 0xf4, 0x1, 0xff, 0x50,
    0xb, 0xf8, 0x5, 0xfc, 0x20, 0x4, 0xff, 0x2e,
    0xf7, 0x0, 0x2, 0xdf, 0x7e, 0xf4, 0x0, 0x0,
    0xbf, 0xff, 0xe0, 0x0, 0x0, 0xbf, 0xff, 0xe0,
    0x0, 0x0, 0x9, 0xfc, 0x0, 0x0, 0x0, 0x9,
    0xfc, 0x0, 0x0,

    /* U+0057 "W" */
    0xef, 0x64, 0xf7, 0x3f, 0xf2, 0xff, 0x65, 0xf8,
    0x3f, 0xf2, 0xef, 0x64, 0xf7, 0x3f, 0xf1, 0xff,
    0x75, 0xf8, 0x3f, 0xf2, 0xef, 0x64, 0xf7, 0x2f,
    0xf1, 0xff, 0x75, 0xf8, 0x3f, 0xf2, 0xef, 0x64,
    0xf7, 0x2f, 0xf1, 0xff, 0x75, 0xf8, 0x3f, 0xf2,
    0xbf, 0x67, 0xfa, 0x3f, 0xd1, 0x1f, 0x7e, 0xff,
    0x5f, 0x50, 0x1f, 0xae, 0xff, 0x8f, 0x40, 0x2f,
    0xfd, 0x9, 0xff, 0x50, 0x1f, 0xfd, 0x9, 0xff,
    0x40, 0x8, 0xf4, 0x0, 0xfb, 0x0, 0x8, 0xf4,
    0x0, 0xfb, 0x0,

    /* U+0058 "X" */
    0xef, 0x60, 0x0, 0x3f, 0xf2, 0xff, 0x60, 0x0,
    0x3f, 0xf2, 0x3f, 0xf4, 0x0, 0xff, 0x60, 0x1f,
    0xf4, 0x0, 0xff, 0x40, 0x0, 0xfd, 0x9, 0xf2,
    0x0, 0x0, 0xfd, 0x9, 0xf2, 0x0, 0x0, 0x2f,
    0xff, 0x50, 0x0, 0x0, 0x2f, 0xff, 0x50, 0x0,
    0x0, 0x6d, 0x3a, 0x90, 0x0, 0x0, 0xfd, 0xa,
    0xf3, 0x0, 0x6, 0xf8, 0x5, 0xf7, 0x10, 0x2f,
    0xf4, 0x1, 0xff, 0x50, 0x4f, 0xd3, 0x0, 0xdf,
    0x60, 0xff, 0x60, 0x0, 0x3f, 0xf2, 0xef, 0x60,
    0x0, 0x3f, 0xf2,

    /* U+0059 "Y" */
    0xef, 0x60, 0x0, 0x3f, 0xf2, 0xff, 0x60, 0x0,
    0x3f, 0xf2, 0xef, 0x60, 0x0, 0x3f, 0xf1, 0xff,
    0x60, 0x0, 0x3f, 0xf2, 0x5e, 0xf8, 0x5, 0xff,
    0x60, 0xd, 0xf8, 0x5, 0xff, 0x0, 0x2, 0xbe,
    0xcd, 0xe3, 0x0, 0x0, 0xbf, 0xff, 0xe0, 0x0,
    0x0, 0x4b, 0xfd, 0x50, 0x0, 0x0, 0x9, 0xfc,
    0x0, 0x0, 0x0, 0x8, 0xfb, 0x0, 0x0, 0x0,
    0x9, 0xfc, 0x0, 0x0, 0x0, 0x8, 0xfc, 0x0,
    0x0, 0x0, 0x9, 0xfc, 0x0, 0x0, 0x0, 0x9,
    0xfc, 0x0, 0x0,

    /* U+005A "Z" */
    0x5f, 0xff, 0xff, 0xff, 0x96, 0xff, 0xff, 0xff,
    0xf9, 0x3, 0x33, 0x33, 0xdf, 0x80, 0x0, 0x0,
    0xc, 0xf9, 0x0, 0x0, 0x9, 0xfb, 0x0, 0x0,
    0x0, 0x9f, 0xc0, 0x0, 0x4, 0xff, 0x32, 0x0,
    0x0, 0x4f, 0xf0, 0x0, 0x0, 0xff, 0x50, 0x0,
    0x0, 0xf, 0xf6, 0x0, 0x0, 0x4d, 0xf3, 0x0,
    0x0, 0x6, 0xff, 0x0, 0x0, 0x0, 0x5f, 0xf3,
    0x33, 0x33, 0x16, 0xff, 0xff, 0xff, 0xf9, 0x5f,
    0xff, 0xff, 0xff, 0x90,

    /* U+005B "[" */
    0x2f, 0xff, 0xe2, 0xff, 0xfe, 0x1f, 0xf5, 0x22,
    0xff, 0x30, 0x1f, 0xf2, 0x2, 0xff, 0x30, 0x1f,
    0xf2, 0x2, 0xff, 0x30, 0x1f, 0xf3, 0x2, 0xff,
    0x30, 0x2f, 0xf3, 0x1, 0xff, 0x30, 0x2f, 0xf3,
    0x1, 0xff, 0x20, 0x2f, 0xf3, 0x1, 0xff, 0x20,
    0x2f, 0xf3, 0x1, 0xff, 0x52, 0x2f, 0xff, 0xe2,
    0xff, 0xfe,

    /* U+005C "\\" */
    0x23, 0x10, 0x0, 0x0, 0x0, 0xff, 0x60, 0x0,
    0x0, 0x0, 0xef, 0x60, 0x0, 0x0, 0x0, 0x1f,
    0xf4, 0x0, 0x0, 0x0, 0x1f, 0xf4, 0x0, 0x0,
    0x0, 0x4, 0xff, 0x10, 0x0, 0x0, 0x4, 0xff,
    0x10, 0x0, 0x0, 0x1, 0xaf, 0xe0, 0x0, 0x0,
    0x0, 0x6f, 0xe0, 0x0, 0x0, 0x0, 0x9, 0xfc,
    0x0, 0x0, 0x0, 0x9, 0xfc, 0x0, 0x0, 0x0,
    0x3, 0xdd, 0x30, 0x0, 0x0, 0x0, 0xcf, 0xa0,
    0x0, 0x0, 0x0, 0x4e, 0xc2, 0x0, 0x0, 0x0,
    0xe, 0xf7, 0x0, 0x0, 0x0, 0xb, 0xf8, 0x0,
    0x0, 0x0, 0x1, 0xff, 0x40, 0x0, 0x0, 0x0,
    0xff, 0x40, 0x0, 0x0, 0x0, 0x3f, 0xf2, 0x0,
    0x0, 0x0, 0x3f, 0xf2, 0x0, 0x0, 0x0, 0x3,
    0x30,

    /* U+005D "]" */
    0xbf, 0xff, 0x5b, 0xff, 0xf5, 0x23, 0xff, 0x50,
    0xf, 0xf5, 0x0, 0xff, 0x40, 0xf, 0xf5, 0x0,
    0xff, 0x40, 0xf, 0xf5, 0x0, 0xff, 0x50, 0xf,
    0xf5, 0x0, 0xff, 0x50, 0xf, 0xf5, 0x0, 0xff,
    0x50, 0xf, 0xf4, 0x0, 0xff, 0x50, 0xf, 0xf4,
    0x0, 0xff, 0x52, 0x3f, 0xf5, 0xbf, 0xff, 0x5b,
    0xff, 0xf5,

    /* U+005E "^" */
    0x0, 0x9, 0xfc, 0x0, 0x0, 0x0, 0x9, 0xfc,
    0x0, 0x0, 0x0, 0x4b, 0xfd, 0x50, 0x0, 0x0,
    0xbf, 0xff, 0xe0, 0x0, 0x7, 0xdb, 0x69, 0xf9,
    0x0, 0xd, 0xf9, 0x5, 0xff, 0x0, 0x2d, 0xd6,
    0x4, 0xdf, 0x30, 0xff, 0x60, 0x0, 0x3f, 0xf2,
    0xef, 0x60, 0x0, 0x3f, 0xf2,

    /* U+005F "_" */
    0x23, 0x33, 0x33, 0x33, 0x30, 0xff, 0xff, 0xff,
    0xff, 0xf2, 0xef, 0xff, 0xff, 0xff, 0xf2,

    /* U+0060 "`" */
    0x23, 0x10, 0xbf, 0xa0, 0x8e, 0xb2, 0x9, 0xfc,
    0x9, 0xfc,

    /* U+0061 "a" */
    0x4, 0xff, 0xff, 0xe0, 0x0, 0x4, 0xff, 0xff,
    0xe0, 0x0, 0x0, 0x33, 0x37, 0xfc, 0x0, 0x0,
    0x0, 0x5, 0xff, 0x0, 0xd, 0xff, 0xff, 0xff,
    0x0, 0xd, 0xff, 0xff, 0xff, 0x0, 0x2d, 0x83,
    0x37, 0xff, 0x0, 0xff, 0x70, 0x5, 0xff, 0x0,
    0xbf, 0x83, 0x36, 0xdf, 0x30, 0xd, 0xff, 0xfc,
    0x3f, 0xf2, 0xd, 0xff, 0xfc, 0x3f, 0xf2,

    /* U+0062 "b" */
    0xef, 0x60, 0x0, 0x0, 0x0, 0xef, 0x60, 0x0,
    0x0, 0x0, 0xef, 0x60, 0x0, 0x0, 0x0, 0xef,
    0x60, 0x0, 0x0, 0x0, 0xef, 0x69, 0xff, 0xe0,
    0x0, 0xff, 0x69, 0xff, 0xe0, 0x0, 0xef, 0xfa,
    0x37, 0xff, 0x0, 0xef, 0xf8, 0x5, 0xff, 0x0,
    0xef, 0x60, 0x0, 0x3f, 0xf2, 0xff, 0x60, 0x0,
    0x4f, 0xf2, 0xef, 0x60, 0x0, 0x5f, 0x30, 0xff,
    0x70, 0x5, 0xff, 0x0, 0xed, 0x73, 0x36, 0xcc,
    0x0, 0xf4, 0xbf, 0xfc, 0x0, 0x0, 0xe4, 0xbf,
    0xfc, 0x0, 0x0,

    /* U+0063 "c" */
    0x0, 0xbf, 0xff, 0xff, 0x0, 0x0, 0xbf, 0xff,
    0xff, 0x0, 0xd, 0xfa, 0x33, 0x5f, 0xf2, 0xd,
    0xf8, 0x0, 0x3f, 0xf2, 0xef, 0x60, 0x0, 0x0,
    0x0, 0xff, 0x70, 0x0, 0x0, 0x0, 0x2d, 0x81,
    0x0, 0x3, 0x30, 0xd, 0xf8, 0x0, 0x3f, 0xf2,
    0xa, 0xe9, 0x33, 0x5f, 0xc1, 0x0, 0xbf, 0xff,
    0xff, 0x0, 0x0, 0xbf, 0xff, 0xff, 0x0,

    /* U+0064 "d" */
    0x0, 0x0, 0x0, 0x3f, 0xf2, 0x0, 0x0, 0x0,
    0x3f, 0xf2, 0x0, 0x0, 0x0, 0x3f, 0xf2, 0x0,
    0x0, 0x0, 0x3f, 0xf2, 0x0, 0xbf, 0xf7, 0x3f,
    0xf2, 0x0, 0xbf, 0xf8, 0x3f, 0xf2, 0x1f, 0xc3,
    0x32, 0xff, 0xf1, 0x1f, 0xb0, 0x0, 0xff, 0xf2,
    0xed, 0x0, 0x0, 0x3f, 0xf2, 0xfe, 0x0, 0x0,
    0x4f, 0xf2, 0x3d, 0x20, 0x0, 0x5f, 0xf1, 0x2f,
    0xb0, 0x1, 0xff, 0xf2, 0x1c, 0xa3, 0x32, 0xdf,
    0xf1, 0x0, 0xbf, 0xf8, 0x3f, 0xf2, 0x0, 0xbf,
    0xf7, 0x3f, 0xf2,

    /* U+0065 "e" */
    0x0, 0xbf, 0xff, 0xff, 0x0, 0x0, 0xbf, 0xff,
    0xff, 0x0, 0x1f, 0xf6, 0x33, 0x5f, 0xf2, 0x1f,
    0xf4, 0x0, 0x3f, 0xf2, 0xef, 0xff, 0xff, 0xff,
    0xf2, 0xff, 0xff, 0xff, 0xff, 0xf2, 0x3f, 0xf6,
    0x33, 0x33, 0x30, 0x2f, 0xf4, 0x0, 0x0, 0x0,
    0x9, 0xd6, 0x33, 0x33, 0x0, 0x0, 0xbf, 0xff,
    0xff, 0x0, 0x0, 0xbf, 0xff, 0xff, 0x0,

    /* U+0066 "f" */
    0x0, 0x9f, 0xff, 0xf0, 0x0, 0x9f, 0xff, 0xf0,
    0x8, 0xeb, 0x33, 0x20, 0xb, 0xfa, 0x0, 0x0,
    0xdf, 0xff, 0xff, 0xf0, 0xdf, 0xff, 0xff, 0xf0,
    0x2b, 0xfb, 0x33, 0x30, 0xb, 0xfa, 0x0, 0x0,
    0xa, 0xf9, 0x0, 0x0, 0xb, 0xfb, 0x0, 0x0,
    0xa, 0xf9, 0x0, 0x0, 0xb, 0xfa, 0x0, 0x0,
    0x2b, 0xfb, 0x32, 0x0, 0xdf, 0xff, 0xfe, 0x0,
    0xdf, 0xff, 0xfe, 0x0,

    /* U+0067 "g" */
    0x0, 0xbf, 0xff, 0xff, 0xf2, 0x6, 0xcf, 0xff,
    0xff, 0xf1, 0x2f, 0xf6, 0x33, 0x5f, 0xf2, 0x1f,
    0xf4, 0x0, 0x3f, 0xf1, 0xef, 0x60, 0x0, 0x3f,
    0xf2, 0xef, 0x60, 0x0, 0x3f, 0xf2, 0x1f, 0xf3,
    0x5, 0xff, 0xf1, 0x1f, 0xf4, 0x5, 0xff, 0xf2,
    0x3, 0xc6, 0x33, 0x5f, 0xf1, 0x0, 0xbf, 0xfc,
    0x4f, 0xf2, 0x0, 0xaf, 0xfc, 0x3f, 0xf2, 0x0,
    0x0, 0x5, 0xff, 0x0, 0x0, 0x23, 0x37, 0xfc,
    0x0, 0x0, 0xbf, 0xff, 0xe0, 0x0, 0x0, 0xbf,
    0xff, 0xe0, 0x0,

    /* U+0068 "h" */
    0xef, 0x60, 0x0, 0x0, 0x0, 0xef, 0x60, 0x0,
    0x0, 0x0, 0xef, 0x60, 0x0, 0x0, 0x0, 0xef,
    0x60, 0x0, 0x0, 0x0, 0xef, 0x6d, 0xff, 0xfb,
    0x0, 0xff, 0x6d, 0xff, 0xfc, 0x0, 0xef, 0xd5,
    0x33, 0x5f, 0xc1, 0xff, 0xf4, 0x0, 0x3f, 0xf2,
    0xef, 0xa1, 0x0, 0x2f, 0xf1, 0xff, 0x70, 0x0,
    0x3f, 0xf2, 0xef, 0x60, 0x0, 0x2f, 0xf1, 0xff,
    0x70, 0x0, 0x3f, 0xf2, 0xef, 0x60, 0x0, 0x3f,
    0xf1, 0xff, 0x60, 0x0, 0x3f, 0xf2, 0xef, 0x60,
    0x0, 0x3f, 0xf2,

    /* U+0069 "i" */
    0x0, 0x9f, 0xc0, 0x0, 0x0, 0x9f, 0xc0, 0x0,
    0x0, 0x13, 0x20, 0x0, 0x0, 0x0, 0x0, 0x0,
    0x4f, 0xff, 0xc0, 0x0, 0x4f, 0xff, 0xc0, 0x0,
    0x3, 0xaf, 0xc0, 0x0, 0x0, 0x9f, 0xc0, 0x0,
    0x0, 0x8f, 0xb0, 0x0, 0x0, 0x9f, 0xc0, 0x0,
    0x0, 0x8f, 0xb0, 0x0, 0x0, 0x9f, 0xc0, 0x0,
    0x23, 0xaf, 0xc3, 0x30, 0xdf, 0xff, 0xff, 0xf0,
    0xdf, 0xff, 0xff, 0xf0,

    /* U+006A "j" */
    0x0, 0x7, 0xfe, 0x0, 0x7, 0xfe, 0x0, 0x1,
    0x32, 0x0, 0x0, 0x0, 0xb, 0xff, 0xfe, 0xb,
    0xff, 0xfe, 0x2, 0x38, 0xfe, 0x0, 0x7, 0xfe,
    0x0, 0x6, 0xfd, 0x0, 0x7, 0xfe, 0x0, 0x6,
    0xfd, 0x0, 0x7, 0xfe, 0x0, 0x7, 0xfe, 0x0,
    0x7, 0xfe, 0x0, 0x7, 0xfe, 0x0, 0x9f, 0xc0,
    0x23, 0xae, 0x90, 0xdf, 0xfa, 0x0, 0xdf, 0xfa,
    0x0,

    /* U+006B "k" */
    0xef, 0x60, 0x0, 0x0, 0x0, 0xef, 0x60, 0x0,
    0x0, 0x0, 0xef, 0x60, 0x0, 0x0, 0x0, 0xef,
    0x60, 0x0, 0x0, 0x0, 0xef, 0x60, 0xe, 0xff,
    0x90, 0xff, 0x60, 0xe, 0xff, 0x90, 0xef, 0x60,
    0xff, 0x73, 0x10, 0xef, 0x60, 0xff, 0x50, 0x0,
    0xef, 0xff, 0xf3, 0x0, 0x0, 0xff, 0xff, 0xf3,
    0x0, 0x0, 0xef, 0x83, 0xfd, 0x40, 0x0, 0xff,
    0x70, 0xff, 0x50, 0x0, 0xef, 0x60, 0x9f, 0x73,
    0x30, 0xff, 0x60, 0xe, 0xff, 0xf2, 0xef, 0x60,
    0xe, 0xff, 0xf2,

    /* U+006C "l" */
    0x4f, 0xff, 0xc0, 0x0, 0x4f, 0xff, 0xc0, 0x0,
    0x3, 0xaf, 0xc0, 0x0, 0x0, 0x9f, 0xc0, 0x0,
    0x0, 0x8f, 0xb0, 0x0, 0x0, 0x9f, 0xc0, 0x0,
    0x0, 0x8f, 0xb0, 0x0, 0x0, 0x9f, 0xc0, 0x0,
    0x0, 0x8f, 0xb0, 0x0, 0x0, 0x9f, 0xc0, 0x0,
    0x0, 0x8f, 0xb0, 0x0, 0x0, 0x9f, 0xc0, 0x0,
    0x23, 0xaf, 0xc3, 0x30, 0xdf, 0xff, 0xff, 0xf0,
    0xdf, 0xff, 0xff, 0xf0,

    /* U+006D "m" */
    0xe9, 0xbf, 0xa9, 0xff, 0x0, 0xf9, 0xbf, 0xaa,
    0xff, 0x0, 0xee, 0x76, 0xe7, 0x5f, 0xc1, 0xff,
    0x75, 0xf8, 0x3f, 0xf2, 0xef, 0x64, 0xf7, 0x2f,
    0xf1, 0xff, 0x75, 0xf8, 0x3f, 0xf2, 0xef, 0x64,
    0xf7, 0x2f, 0xf1, 0xff, 0x75, 0xf8, 0x3f, 0xf2,
    0xef, 0x64, 0xf7, 0x3f, 0xf1, 0xff, 0x65, 0xf8,
    0x3f, 0xf2, 0xef, 0x64, 0xf7, 0x3f, 0xf2,

    /* U+006E "n" */
    0xef, 0x2d, 0xff, 0xfb, 0x0, 0xff, 0x2d, 0xff,
    0xfc, 0x0, 0xef, 0xd5, 0x33, 0x5f, 0xc1, 0xff,
    0xf4, 0x0, 0x3f, 0xf2, 0xef, 0xa1, 0x0, 0x2f,
    0xf1, 0xff, 0x70, 0x0, 0x3f, 0xf2, 0xef, 0x60,
    0x0, 0x2f, 0xf1, 0xff, 0x70, 0x0, 0x3f, 0xf2,
    0xef, 0x60, 0x0, 0x3f, 0xf1, 0xff, 0x60, 0x0,
    0x3f, 0xf2, 0xef, 0x60, 0x0, 0x3f, 0xf2,

    /* U+006F "o" */
    0x0, 0xbf, 0xff, 0xe0, 0x0, 0x0, 0xbf, 0xff,
    0xe0, 0x0, 0x1f, 0xf6, 0x33, 0xff, 0x40, 0x1f,
    0xf4, 0x0, 0xff, 0x40, 0xef, 0x60, 0x0, 0x3f,
    0xf2, 0xff, 0x60, 0x0, 0x3f, 0xf2, 0x3f, 0xe3,
    0x0, 0xdf, 0x60, 0x2f, 0xf4, 0x1, 0xff, 0x50,
    0x9, 0xd6, 0x33, 0xf9, 0x20, 0x0, 0xbf, 0xff,
    0xe0, 0x0, 0x0, 0xbf, 0xff, 0xe0, 0x0,

    /* U+0070 "p" */
    0xef, 0x69, 0xff, 0xe0, 0x0, 0xef, 0x69, 0xff,
    0xe0, 0x0, 0xef, 0xfa, 0x37, 0xff, 0x0, 0xef,
    0xf8, 0x5, 0xff, 0x0, 0xef, 0x60, 0x0, 0x3f,
    0xf2, 0xff, 0x60, 0x0, 0x3f, 0xf2, 0xef, 0x60,
    0x4, 0xdf, 0x30, 0xff, 0x70, 0x5, 0xff, 0x0,
    0xef, 0x83, 0x37, 0xf9, 0x0, 0xff, 0xff, 0xff,
    0xe0, 0x0, 0xef, 0xff, 0xff, 0xe0, 0x0, 0xef,
    0x60, 0x0, 0x0, 0x0, 0xef, 0x60, 0x0, 0x0,
    0x0, 0xef, 0x60, 0x0, 0x0, 0x0, 0xef, 0x60,
    0x0, 0x0, 0x0,

    /* U+0071 "q" */
    0x0, 0xbf, 0xff, 0xff, 0xf2, 0x4, 0xcf, 0xff,
    0xff, 0xf1, 0xd, 0xfa, 0x33, 0x5f, 0xf2, 0xd,
    0xf8, 0x0, 0x3f, 0xf1, 0xef, 0x60, 0x0, 0x3f,
    0xf2, 0xef, 0x60, 0x0, 0x3f, 0xf2, 0xd, 0xf8,
    0x5, 0xff, 0xf1, 0xd, 0xf9, 0x5, 0xff, 0xf2,
    0x2, 0xc9, 0x33, 0x5f, 0xf1, 0x0, 0xbf, 0xfc,
    0x4f, 0xf2, 0x0, 0xaf, 0xfc, 0x3f, 0xf2, 0x0,
    0x0, 0x0, 0x3f, 0xf2, 0x0, 0x0, 0x0, 0x3f,
    0xf2, 0x0, 0x0, 0x0, 0x3f, 0xf2, 0x0, 0x0,
    0x0, 0x3f, 0xf2,

    /* U+0072 "r" */
    0xef, 0xf0, 0xff, 0xff, 0x40, 0xff, 0xf0, 0xff,
    0xff, 0x40, 0x26, 0xff, 0xe3, 0x5f, 0xf2, 0x4,
    0xff, 0xf0, 0x3f, 0xf2, 0x3, 0xff, 0x30, 0x3,
    0x30, 0x4, 0xff, 0x20, 0x0, 0x0, 0x3, 0xff,
    0x10, 0x0, 0x0, 0x4, 0xff, 0x20, 0x0, 0x0,
    0x26, 0xff, 0x42, 0x0, 0x0, 0xff, 0xff, 0xfc,
    0x0, 0x0, 0xef, 0xff, 0xfc, 0x0, 0x0,

    /* U+0073 "s" */
    0x4, 0xff, 0xff, 0xff, 0x0, 0x4f, 0xff, 0xff,
    0xf0, 0x6f, 0xf3, 0x33, 0x33, 0x6, 0xff, 0x0,
    0x0, 0x0, 0x4, 0xff, 0xff, 0xf7, 0x0, 0x4f,
    0xff, 0xff, 0x70, 0x0, 0x33, 0x33, 0xc8, 0x10,
    0x0, 0x0, 0xc, 0xf9, 0x2, 0x33, 0x33, 0xce,
    0x70, 0xdf, 0xff, 0xff, 0x70, 0xd, 0xff, 0xff,
    0xf7, 0x0,

    /* U+0074 "t" */
    0x0, 0xbf, 0xa0, 0x0, 0x0, 0xb, 0xfa, 0x0,
    0x0, 0x0, 0xbf, 0xa0, 0x0, 0x0, 0xb, 0xfa,
    0x0, 0x0, 0xef, 0xff, 0xff, 0xff, 0xf, 0xff,
    0xff, 0xff, 0xf0, 0x23, 0xbf, 0xb3, 0x33, 0x0,
    0xb, 0xfa, 0x0, 0x0, 0x0, 0xaf, 0x90, 0x0,
    0x0, 0xb, 0xfb, 0x0, 0x0, 0x0, 0xaf, 0x90,
    0x0, 0x0, 0xb, 0xfa, 0x0, 0x0, 0x0, 0x8e,
    0xb3, 0x33, 0x0, 0x0, 0x9f, 0xff, 0xf0, 0x0,
    0x9, 0xff, 0xff, 0x0,

    /* U+0075 "u" */
    0xef, 0x60, 0x0, 0x3f, 0xf2, 0xff, 0x60, 0x0,
    0x3f, 0xf2, 0xef, 0x60, 0x0, 0x3f, 0xf1, 0xff,
    0x70, 0x0, 0x3f, 0xf2, 0xef, 0x60, 0x0, 0x2f,
    0xf1, 0xff, 0x70, 0x0, 0x3f, 0xf2, 0xef, 0xa1,
    0x0, 0x8f, 0xf1, 0xff, 0xf4, 0x1, 0xff, 0xf2,
    0xbe, 0xf6, 0x33, 0xdf, 0xf1, 0x8, 0xff, 0xff,
    0x4f, 0xf2, 0x8, 0xff, 0xff, 0x4f, 0xf2,

    /* U+0076 "v" */
    0xef, 0x60, 0x0, 0x3f, 0xf2, 0xff, 0x60, 0x0,
    0x3f, 0xf2, 0x3f, 0xd3, 0x0, 0xdf, 0x60, 0x2f,
    0xf4, 0x1, 0xff, 0x50, 0xb, 0xf8, 0x5, 0xfc,
    0x20, 0x4, 0xff, 0x2e, 0xf7, 0x0, 0x2, 0xdf,
    0x7e, 0xf4, 0x0, 0x0, 0xbf, 0xff, 0xe0, 0x0,
    0x0, 0xbf, 0xff, 0xe0, 0x0, 0x0, 0x9, 0xfc,
    0x0, 0x0, 0x0, 0x9, 0xfc, 0x0, 0x0,

    /* U+0077 "w" */
    0xef, 0x64, 0xf7, 0x3f, 0xf2, 0xff, 0x65, 0xf8,
    0x3f, 0xf2, 0xef, 0x64, 0xf7, 0x3f, 0xf1, 0xff,
    0x75, 0xf8, 0x3f, 0xf2, 0x6f, 0x67, 0xfa, 0x3f,
    0x90, 0x2f, 0x7e, 0xff, 0x5f, 0x50, 0x1f, 0xac,
    0x9d, 0x8f, 0x40, 0x2f, 0xfd, 0xa, 0xff, 0x50,
    0x1f, 0xfc, 0x9, 0xff, 0x40, 0x8, 0xf4, 0x0,
    0xfb, 0x0, 0x8, 0xf4, 0x0, 0xfb, 0x0,

    /* U+0078 "x" */
    0x5f, 0xf0, 0x0, 0xcf, 0x96, 0xff, 0x0, 0xc,
    0xf9, 0x16, 0xff, 0x19, 0xfc, 0x10, 0x4f, 0xf1,
    0x9f, 0xb0, 0x0, 0x2f, 0xff, 0x50, 0x0, 0x2,
    0xff, 0xf5, 0x0, 0x3, 0xdf, 0x4a, 0xd9, 0x0,
    0x4f, 0xf2, 0xaf, 0xc0, 0x16, 0xf9, 0x5, 0xec,
    0x16, 0xff, 0x0, 0xc, 0xf9, 0x5f, 0xf0, 0x0,
    0xcf, 0x90,

    /* U+0079 "y" */
    0x3f, 0xf2, 0x0, 0x3, 0xff, 0x23, 0xff, 0x20,
    0x0, 0x3f, 0xf2, 0x7, 0xff, 0x0, 0xf, 0xf6,
    0x0, 0x6f, 0xf0, 0x1, 0xff, 0x50, 0x2, 0xbf,
    0x70, 0x8f, 0xa1, 0x0, 0x9, 0xfd, 0xe, 0xf7,
    0x0, 0x0, 0x4f, 0xc3, 0xee, 0x30, 0x0, 0x0,
    0xfd, 0x7f, 0xe0, 0x0, 0x0, 0x9, 0xca, 0xf8,
    0x0, 0x0, 0x0, 0xe, 0xff, 0x10, 0x0, 0x0,
    0x0, 0xdf, 0xf0, 0x0, 0x0, 0x0, 0xd, 0xf7,
    0x0, 0x0, 0x0, 0x33, 0xed, 0x60, 0x0, 0x0,
    0x1f, 0xff, 0x60, 0x0, 0x0, 0x1, 0xff, 0xf5,
    0x0, 0x0, 0x0,

    /* U+007A "z" */
    0x5f, 0xff, 0xff, 0xff, 0x96, 0xff, 0xff, 0xff,
    0xf9, 0x13, 0x33, 0x3e, 0xf9, 0x10, 0x0, 0x0,
    0xef, 0x70, 0x0, 0x2f, 0xf3, 0x0, 0x0, 0x2,
    0xff, 0x30, 0x0, 0x4d, 0xc3, 0x30, 0x0, 0x6,
    0xff, 0x0, 0x0, 0x0, 0x5f, 0xf3, 0x33, 0x33,
    0x16, 0xff, 0xff, 0xff, 0xf9, 0x5f, 0xff, 0xff,
    0xff, 0x90,

    /* U+007B "{" */
    0x0, 0x1, 0x33, 0x30, 0x0, 0x7, 0xff, 0xf0,
    0x0, 0x7, 0xff, 0xf0, 0x0, 0x9f, 0xc0, 0x0,
    0x0, 0x9f, 0xc0, 0x0, 0x0, 0x9f, 0xc0, 0x0,
    0x0, 0x9f, 0xc0, 0x0, 0x0, 0x9f, 0xc0, 0x0,
    0x0, 0x9f, 0xc0, 0x0, 0xdf, 0xfa, 0x0, 0x0,
    0xdf, 0xfa, 0x0, 0x0, 0x23, 0xae, 0x90, 0x0,
    0x0, 0x9f, 0xc0, 0x0, 0x0, 0x8f, 0xb0, 0x0,
    0x0, 0x9f, 0xc0, 0x0, 0x0, 0x8f, 0xb0, 0x0,
    0x0, 0x9f, 0xc0, 0x0, 0x0, 0x9f, 0xc0, 0x0,
    0x0, 0x7, 0xff, 0xf0, 0x0, 0x7, 0xff, 0xf0,
    0x0, 0x1, 0x33, 0x30,

    /* U+007C "|" */
    0x9f, 0xc9, 0xfc, 0x8f, 0xb9, 0xfc, 0x8f, 0xb9,
    0xfc, 0x8f, 0xb9, 0xfc, 0x8f, 0xc9, 0xfc, 0x9f,
    0xc8, 0xfc, 0x9f, 0xc8, 0xfb, 0x9f, 0xc8, 0xfb,
    0x9f, 0xc8, 0xfb, 0x9f, 0xc9, 0xfc,

    /* U+007D "}" */
    0x23, 0x31, 0x0, 0x0, 0xdf, 0xfa, 0x0, 0x0,
    0xdf, 0xfa, 0x0, 0x0, 0x0, 0x9f, 0xc0, 0x0,
    0x0, 0x9f, 0xc0, 0x0, 0x0, 0x9f, 0xc0, 0x0,
    0x0, 0x9f, 0xc0, 0x0, 0x0, 0x9f, 0xc0, 0x0,
    0x0, 0x9f, 0xc0, 0x0, 0x0, 0x7, 0xff, 0xf0,
    0x0, 0x7, 0xff, 0xf0, 0x0, 0x7e, 0xc3, 0x30,
    0x0, 0x9f, 0xc0, 0x0, 0x0, 0x8f, 0xb0, 0x0,
    0x0, 0x9f, 0xc0, 0x0, 0x0, 0x8f, 0xb0, 0x0,
    0x0, 0x9f, 0xc0, 0x0, 0x0, 0x9f, 0xc0, 0x0,
    0xdf, 0xfa, 0x0, 0x0, 0xdf, 0xfa, 0x0, 0x0,
    0x23, 0x31, 0x0, 0x0,

    /* U+007E "~" */
    0x4, 0xff, 0xa0, 0xa, 0xf2, 0x4, 0xff, 0xa0,
    0xa, 0xf2, 0x1d, 0xff, 0xe6, 0x2e, 0xf1, 0x2f,
    0xff, 0xf8, 0x3f, 0xf2, 0x6f, 0xa9, 0xfa, 0x8f,
    0x90, 0xff, 0x75, 0xff, 0xff, 0x50, 0xef, 0x53,
    0xef, 0xfe, 0x30, 0xfd, 0x0, 0x7f, 0xf7, 0x0,
    0xed, 0x0, 0x7f, 0xf7, 0x0,

    /* U+00A0 " " */

    /* U+00A1 "¡" */
    0x13, 0x29, 0xfc, 0x9f, 0xc0, 0x0, 0x0, 0x9,
    0xfc, 0x9f, 0xc8, 0xfc, 0x9f, 0xc8, 0xfb, 0x9f,
    0xc8, 0xfb, 0x9f, 0xc8, 0xfc, 0x9f, 0xc9, 0xfc,

    /* U+00A2 "¢" */
    0x0, 0x3, 0xc6, 0x0, 0x0, 0x0, 0x5, 0xf8,
    0x0, 0x0, 0x0, 0x4, 0xf7, 0x0, 0x0, 0x0,
    0x5, 0xf8, 0x0, 0x0, 0x2, 0x36, 0xf9, 0x33,
    0x0, 0xd, 0xff, 0xff, 0xff, 0x0, 0xd, 0xff,
    0xff, 0xff, 0x0, 0xef, 0x60, 0x0, 0x3f, 0xf2,
    0xff, 0x60, 0x0, 0x3f, 0xf2, 0xef, 0x60, 0x0,
    0x3, 0x30, 0xef, 0x60, 0x0, 0x0, 0x0, 0xef,
    0x60, 0x0, 0x3f, 0xf2, 0xff, 0x70, 0x0, 0x4f,
    0xf2, 0x2d, 0x83, 0x33, 0x5f, 0x30, 0xd, 0xff,
    0xff, 0xff, 0x10, 0xc, 0xff, 0xff, 0xff, 0x0,
    0x0, 0x4, 0xf7, 0x0, 0x0, 0x0, 0x4, 0xf7,
    0x0, 0x0, 0x0, 0x4, 0xf7, 0x0, 0x0, 0x0,
    0x5, 0xf8, 0x0, 0x0, 0x0, 0x0, 0x31, 0x0,
    0x0,

    /* U+00A3 "£" */
    0x0, 0x2f, 0xff, 0xf7, 0x0, 0x0, 0x4f, 0xff,
    0xf9, 0x10, 0x4, 0xff, 0x43, 0x5f, 0x90, 0x4,
    0xff, 0x10, 0x3f, 0x90, 0x4, 0xff, 0x10, 0x0,
    0x0, 0x4, 0xff, 0x10, 0x0, 0x0, 0xef, 0xff,
    0xfc, 0x0, 0x0, 0xff, 0xff, 0xfc, 0x0, 0x0,
    0x26, 0xff, 0x42, 0x0, 0x0, 0x4, 0xff, 0x20,
    0x0, 0x0, 0x3, 0xff, 0x10, 0x1, 0x30, 0x4,
    0xff, 0x10, 0xa, 0xf2, 0x26, 0xfc, 0x43, 0x3b,
    0xe1, 0xff, 0xf0, 0xff, 0xff, 0x90, 0xef, 0xf0,
    0xff, 0xff, 0x90,

    /* U+00A4 "¤" */
    0xed, 0xd, 0xff, 0xa, 0xf2, 0xfd, 0xd, 0xff,
    0xa, 0xf2, 0x2d, 0xfa, 0x37, 0xff, 0x30, 0xd,
    0xf8, 0x5, 0xff, 0x0, 0xef, 0x60, 0x0, 0x3f,
    0xf2, 0xff, 0x70, 0x0, 0x4f, 0xf2, 0x2d, 0x81,
    0x0, 0x5f, 0x30, 0xd, 0xf8, 0x5, 0xff, 0x0,
    0x2c, 0xc9, 0x37, 0xce, 0x30, 0xfd, 0xd, 0xff,
    0x1a, 0xf2, 0xed, 0xd, 0xff, 0xa, 0xf2,

    /* U+00A5 "¥" */
    0xef, 0xf0, 0x0, 0xcf, 0xf2, 0xff, 0xf0, 0x0,
    0xcf, 0xf2, 0x7f, 0xf0, 0x0, 0xcf, 0xa0, 0x6f,
    0xf0, 0x0, 0xcf, 0x90, 0x4, 0xff, 0x1e, 0xf7,
    0x0, 0x4, 0xff, 0x1e, 0xf7, 0x0, 0x4d, 0xff,
    0xcf, 0xfe, 0x70, 0x6f, 0xff, 0xff, 0xff, 0x90,
    0x26, 0x6b, 0xfd, 0x66, 0x30, 0x0, 0x9, 0xfc,
    0x0, 0x0, 0x13, 0x3a, 0xfc, 0x33, 0x10, 0x6f,
    0xff, 0xff, 0xff, 0x90, 0x5f, 0xff, 0xff, 0xff,
    0x90, 0x0, 0x9, 0xfc, 0x0, 0x0, 0x0, 0x9,
    0xfc, 0x0, 0x0,

    /* U+00A6 "¦" */
    0x7c, 0x99, 0xfc, 0x8f, 0xb9, 0xfc, 0x8f, 0xb9,
    0xfc, 0x8f, 0xc9, 0xfc, 0x9f, 0xc0, 0x0, 0x0,
    0x7, 0xc9, 0x9f, 0xc8, 0xfb, 0x9f, 0xc8, 0xfb,
    0x9f, 0xc8, 0xfc, 0x9f, 0xc9, 0xfc,

    /* U+00A7 "§" */
    0x4, 0xff, 0xff, 0xff, 0x41, 0x6f, 0xff, 0xff,
    0xf4, 0x6f, 0xf3, 0x33, 0x33, 0x5, 0xff, 0x0,
    0x0, 0x0, 0x4, 0xff, 0xff, 0x50, 0x0, 0x4f,
    0xff, 0xf5, 0x0, 0x1f, 0xc3, 0x3b, 0xff, 0x41,
    0xfb, 0x0, 0x9f, 0xf4, 0x1f, 0xfd, 0x0, 0x7f,
    0x41, 0xff, 0xd0, 0x8, 0xf4, 0x3, 0x4d, 0x33,
    0x98, 0x0, 0x2, 0xff, 0xff, 0x70, 0x0, 0x1c,
    0xcc, 0xf8, 0x10, 0x0, 0x0, 0xc, 0xf9, 0x0,
    0x0, 0x0, 0xcf, 0x91, 0xff, 0xff, 0xff, 0x70,
    0x1f, 0xff, 0xff, 0xf7, 0x0, 0x33, 0x33, 0x33,
    0x10,

    /* U+00A8 "¨" */
    0x23, 0x10, 0x3, 0x20, 0xdf, 0x80, 0x5f, 0xf0,
    0xdf, 0x80, 0x5f, 0xf0,

    /* U+00A9 "©" */
    0x0, 0xbf, 0xff, 0xe0, 0x0, 0x0, 0xbf, 0xff,
    0xe0, 0x0, 0x1f, 0x60, 0x0, 0x3f, 0x40, 0x2f,
    0x60, 0x0, 0x3f, 0x50, 0x3a, 0x12, 0x33, 0x7,
    0x60, 0xf9, 0xd, 0xff, 0x16, 0xf2, 0xe8, 0xd,
    0xff, 0x5, 0xf2, 0xe9, 0x4f, 0x30, 0x6, 0xf2,
    0xe9, 0x4f, 0x30, 0x6, 0xf2, 0xe9, 0x4f, 0x30,
    0x6, 0xf2, 0xe9, 0x4f, 0x30, 0x6, 0xf2, 0xe9,
    0x4f, 0x30, 0x6, 0xf2, 0xe9, 0x4f, 0x30, 0x6,
    0xf2, 0xe8, 0xd, 0xff, 0x5, 0xf2, 0xf9, 0xd,
    0xff, 0x16, 0xf2, 0x4a, 0x12, 0x33, 0x7, 0x70,
    0x2f, 0x60, 0x0, 0x3f, 0x50, 0x1c, 0x73, 0x33,
    0x5c, 0x30, 0x0, 0xbf, 0xff, 0xe0, 0x0, 0x0,
    0xbf, 0xff, 0xe0, 0x0,

    /* U+00AA "ª" */
    0x2, 0xff, 0xfe, 0x0, 0x2f, 0xff, 0xe0, 0x0,
    0x44, 0x4f, 0x80, 0x0, 0x1, 0xfc, 0x2, 0x44,
    0x4f, 0xb0, 0xbf, 0xff, 0xfc, 0x1c, 0xdc, 0xcf,
    0xb8, 0xf4, 0x1, 0xfc, 0x8f, 0x40, 0xf, 0xb0,
    0xbf, 0xff, 0xfb, 0xb, 0xff, 0xff, 0xc0, 0x23,
    0x33, 0x32, 0x0, 0x0, 0x0, 0x1, 0x33, 0x33,
    0x32, 0x8f, 0xff, 0xff, 0xc8, 0xff, 0xff, 0xfb,

    /* U+00AB "«" */
    0x0, 0xbf, 0x10, 0xa, 0xf2, 0x0, 0xbf, 0x10,
    0xa, 0xf2, 0xd, 0xf3, 0x0, 0xcf, 0x30, 0xd,
    0xf0, 0x0, 0xcf, 0x0, 0xed, 0x0, 0xe, 0xe0,
    0x0, 0xfe, 0x0, 0xe, 0xe0, 0x0, 0x2b, 0x30,
    0x2, 0xb3, 0x0, 0xd, 0xf0, 0x0, 0xcf, 0x0,
    0xa, 0xe3, 0x0, 0x9e, 0x30, 0x0, 0xbf, 0x10,
    0xa, 0xf2, 0x0, 0xbf, 0x10, 0xa, 0xf2,

    /* U+00AC "¬" */
    0x23, 0x33, 0x33, 0x33, 0x30, 0xff, 0xff, 0xff,
    0xff, 0xf2, 0xef, 0xff, 0xff, 0xff, 0xf2, 0x0,
    0x0, 0x0, 0x3f, 0xf1, 0x0, 0x0, 0x0, 0x3f,
    0xf2, 0x0, 0x0, 0x0, 0x3f, 0xf1, 0x0, 0x0,
    0x0, 0x3f, 0xf2, 0x0, 0x0, 0x0, 0x18, 0x80,

    /* U+00AD "­" */
    0x3, 0x33, 0x33, 0x14, 0xff, 0xff, 0xf7, 0x4f,
    0xff, 0xff, 0x70,

    /* U+00AE "®" */
    0x0, 0xbf, 0xff, 0xe0, 0x0, 0x0, 0xbf, 0xff,
    0xe0, 0x0, 0x1f, 0x60, 0x0, 0x3f, 0x40, 0x2f,
    0x60, 0x0, 0x3f, 0x50, 0x3a, 0x13, 0x31, 0x7,
    0x60, 0xf9, 0x4f, 0xfa, 0x6, 0xf2, 0xe8, 0x4f,
    0xdb, 0x15, 0xf1, 0xf9, 0x4f, 0x4f, 0x76, 0xf2,
    0xe9, 0x4f, 0x4f, 0x75, 0xf2, 0xe9, 0x4f, 0xfa,
    0x6, 0xf2, 0xe9, 0x4f, 0xfa, 0x6, 0xf2, 0xe9,
    0x4f, 0x4f, 0x75, 0xf2, 0xf9, 0x4f, 0x4f, 0x76,
    0xf2, 0xe8, 0x4f, 0x3f, 0x75, 0xf1, 0xf9, 0x4f,
    0x5f, 0x86, 0xf2, 0x6a, 0x26, 0x16, 0x37, 0x80,
    0x2f, 0x60, 0x0, 0x3f, 0x50, 0x1c, 0x73, 0x33,
    0x5c, 0x30, 0x0, 0xbf, 0xff, 0xe0, 0x0, 0x0,
    0xbf, 0xff, 0xe0, 0x0,

    /* U+00AF "¯" */
    0x23, 0x33, 0x33, 0x20, 0xdf, 0xff, 0xff, 0xf0,
    0xdf, 0xff, 0xff, 0xf0,

    /* U+00B0 "°" */
    0xb, 0xff, 0xfe, 0x0, 0xbf, 0xff, 0xe0, 0x3c,
    0x63, 0x3e, 0x49, 0xf4, 0x1, 0xfc, 0x8f, 0x30,
    0xf, 0xb8, 0xf4, 0x1, 0xfc, 0x6e, 0x63, 0x3f,
    0x90, 0xbf, 0xff, 0xe0, 0xb, 0xff, 0xfe, 0x0,

    /* U+00B1 "±" */
    0x0, 0x9, 0xfc, 0x0, 0x0, 0x0, 0x9f, 0xc0,
    0x0, 0x0, 0x9, 0xfc, 0x0, 0x0, 0x0, 0x9f,
    0xc0, 0x0, 0x5f, 0xff, 0xff, 0xff, 0x96, 0xff,
    0xff, 0xff, 0xf9, 0x13, 0x3a, 0xfc, 0x33, 0x10,
    0x0, 0x9f, 0xc0, 0x0, 0x0, 0x8, 0xfb, 0x0,
    0x0, 0x0, 0x9f, 0xc0, 0x0, 0x0, 0x8, 0xfc,
    0x0, 0x0, 0x0, 0x0, 0x0, 0x0, 0x13, 0x33,
    0x33, 0x33, 0x16, 0xff, 0xff, 0xff, 0xf9, 0x5f,
    0xff, 0xff, 0xff, 0x90,

    /* U+00B2 "²" */
    0xbf, 0xff, 0xb, 0xff, 0xf0, 0x23, 0x3e, 0xe0,
    0x0, 0xee, 0x0, 0x8f, 0x30, 0xc, 0xf1, 0x4,
    0xd9, 0x0, 0x9f, 0x30, 0x2a, 0xf6, 0x3b, 0xff,
    0xfe, 0xbf, 0xff, 0xe0,

    /* U+00B3 "³" */
    0xbf, 0xff, 0xb, 0xff, 0xf0, 0x23, 0x3e, 0xe0,
    0x0, 0xee, 0xd, 0xff, 0x0, 0xdf, 0xf1, 0x3,
    0x3e, 0x30, 0x0, 0xee, 0x23, 0x3e, 0xab, 0xff,
    0xf1, 0xbf, 0xff, 0x0,

    /* U+00B4 "´" */
    0x1, 0x32, 0x7, 0xfe, 0x18, 0xfb, 0x9f, 0xc0,
    0x9f, 0xc0,

    /* U+00B5 "µ" */
    0x0, 0x4, 0xff, 0x10, 0x3f, 0xf2, 0x0, 0x4,
    0xff, 0x10, 0x3f, 0xf2, 0x0, 0x3, 0xff, 0x10,
    0x3f, 0xf1, 0x0, 0x4, 0xff, 0x20, 0x3f, 0xf2,
    0x0, 0x1f, 0xf8, 0x0, 0xff, 0x90, 0x0, 0x1f,
    0xf4, 0x1, 0xff, 0x50, 0x0, 0x1f, 0xf3, 0x0,
    0xff, 0x40, 0x0, 0x2f, 0xf4, 0x1, 0xff, 0x50,
    0x0, 0x3f, 0xa4, 0x33, 0x8f, 0x60, 0x0, 0xff,
    0x7d, 0xff, 0x5f, 0xf2, 0x0, 0xef, 0x6d, 0xff,
    0x3f, 0xf2, 0x0, 0xef, 0x60, 0x0, 0x0, 0x0,
    0x3, 0xfd, 0x50, 0x0, 0x0, 0x0, 0x1f, 0xf4,
    0x0, 0x0, 0x0, 0x0, 0xf, 0xf4, 0x0, 0x0,
    0x0, 0x0,

    /* U+00B6 "¶" */
    0x0, 0x23, 0x33, 0x33, 0x30, 0x0, 0xbf, 0xff,
    0xff, 0xf2, 0x0, 0xbf, 0xff, 0xff, 0xf2, 0xd,
    0xff, 0xa0, 0xcf, 0x0, 0xd, 0xff, 0xa0, 0xcf,
    0x0, 0xef, 0xff, 0xa0, 0xcf, 0x0, 0xff, 0xff,
    0xa0, 0xcf, 0x0, 0xef, 0xff, 0xa0, 0xcf, 0x0,
    0xff, 0xff, 0xa0, 0xcf, 0x0, 0x5e, 0xff, 0x90,
    0xbf, 0x0, 0xd, 0xff, 0xb0, 0xcf, 0x0, 0xa,
    0xef, 0xa0, 0xcf, 0x0, 0x0, 0xbf, 0xa0, 0xcf,
    0x0, 0x0, 0xbf, 0xa0, 0xcf, 0x0, 0x0, 0x2f,
    0xa0, 0xcf, 0x0, 0x0, 0x2f, 0xa0, 0xcf, 0x0,
    0x0, 0x1f, 0xa0, 0xbf, 0x0, 0x0, 0x2f, 0xb0,
    0xcf, 0x0, 0x0, 0x1f, 0x90, 0xbf, 0x0, 0x0,
    0x2f, 0xb0, 0xcf, 0x0, 0x0, 0x1c, 0x80, 0x9c,
    0x0,

    /* U+00B7 "·" */
    0x56, 0x60, 0xef, 0xf1, 0xdf, 0xf0, 0xdf, 0xf1,
    0xdf, 0xf0,

    /* U+00B8 "¸" */
    0x1, 0x30, 0x7, 0xf5, 0x29, 0xe4, 0xdf, 0x80,
    0xdf, 0x70,

    /* U+00B9 "¹" */
    0x4, 0xf7, 0x4, 0xf7, 0x6f, 0xf7, 0x6f, 0xf8,
    0x17, 0xf7, 0x5, 0xf8, 0x4, 0xf7, 0x5, 0xf8,
    0x4, 0xf7, 0x5, 0xf8, 0x4, 0xf7,

    /* U+00BA "º" */
    0xb, 0xff, 0xfe, 0x0, 0xbf, 0xff, 0xe0, 0x5e,
    0x64, 0x4f, 0x89, 0xf4, 0x1, 0xfc, 0x8f, 0x30,
    0xf, 0xb9, 0xf4, 0x1, 0xfc, 0x8f, 0x30, 0xf,
    0xb8, 0xf4, 0x1, 0xfc, 0x8f, 0x40, 0xf, 0xb0,
    0xbf, 0xff, 0xe0, 0xb, 0xff, 0xfe, 0x0, 0x23,
    0x33, 0x30, 0x0, 0x0, 0x0, 0x1, 0x33, 0x33,
    0x32, 0x8f, 0xff, 0xff, 0xc8, 0xff, 0xff, 0xfb,

    /* U+00BB "»" */
    0xed, 0x0, 0xe, 0xe0, 0x0, 0xfd, 0x0, 0xe,
    0xe0, 0x0, 0x2d, 0xf0, 0x2, 0xdf, 0x0, 0xd,
    0xf0, 0x0, 0xcf, 0x0, 0x0, 0xbf, 0x10, 0xa,
    0xf2, 0x0, 0xbf, 0x10, 0xb, 0xf2, 0x2, 0xb3,
    0x0, 0x2b, 0x30, 0xd, 0xf0, 0x0, 0xcf, 0x0,
    0x2c, 0xc0, 0x2, 0xcc, 0x0, 0xfd, 0x0, 0xe,
    0xe0, 0x0, 0xed, 0x0, 0xe, 0xe0, 0x0,

    /* U+00BC "¼" */
    0x3, 0xc7, 0x0, 0x0, 0x0, 0x0, 0x4f, 0x90,
    0x0, 0x0, 0x0, 0x5, 0xf8, 0x0, 0x3, 0x10,
    0x5, 0xff, 0x90, 0x3, 0xf9, 0x0, 0x5f, 0xf8,
    0x0, 0x3f, 0x90, 0x0, 0x3f, 0x80, 0xf, 0xc0,
    0x0, 0x3, 0xf8, 0x3, 0xf9, 0x0, 0x0, 0x4f,
    0x90, 0xee, 0x0, 0x0, 0x3, 0xf8, 0xd, 0xe0,
    0x0, 0x0, 0x3f, 0x8b, 0xf1, 0xcf, 0xf2, 0x4,
    0xf9, 0xbf, 0x1c, 0xff, 0x20, 0x3, 0x8e, 0x64,
    0xdb, 0xf1, 0x0, 0x9, 0xf4, 0x6e, 0xbf, 0x20,
    0x1, 0xa9, 0x16, 0x8a, 0xf1, 0x0, 0x6f, 0x60,
    0xe5, 0xaf, 0x20, 0x4, 0xc4, 0x1e, 0x7b, 0xf3,
    0x0, 0x0, 0x7, 0xff, 0xff, 0xb0, 0x0, 0x0,
    0x7f, 0xff, 0xfb, 0x0, 0x0, 0x0, 0x0, 0xaf,
    0x20, 0x0, 0x0, 0x0, 0xa, 0xf2,

    /* U+00BD "½" */
    0x3, 0xc7, 0x0, 0x0, 0x0, 0x0, 0x4f, 0x90,
    0x0, 0x0, 0x0, 0x5, 0xf8, 0x0, 0x3, 0x10,
    0x5, 0xff, 0x90, 0x3, 0xf9, 0x0, 0x4d, 0xf8,
    0x0, 0x5f, 0x70, 0x0, 0x4f, 0x90, 0xf, 0xc0,
    0x0, 0x3, 0xf8, 0x0, 0xfc, 0x0, 0x0, 0x3f,
    0x80, 0xef, 0xff, 0x40, 0x3, 0xf8, 0xe, 0xff,
    0xf4, 0x0, 0x3f, 0x8b, 0xf1, 0xa, 0xf2, 0x4,
    0xf9, 0xbf, 0x10, 0xaf, 0x20, 0x3, 0x8e, 0x60,
    0x6e, 0x60, 0x0, 0x9, 0xf4, 0x8, 0xf5, 0x0,
    0x1, 0xa9, 0x10, 0x9a, 0x10, 0x0, 0x6f, 0x60,
    0x5f, 0x70, 0x0, 0x4, 0xc4, 0x17, 0xf8, 0x30,
    0x0, 0x0, 0x7, 0xff, 0xff, 0x20, 0x0, 0x0,
    0x7f, 0xff, 0xf2,

    /* U+00BE "¾" */
    0x23, 0x32, 0x0, 0x0, 0x0, 0xff, 0xfd, 0x0,
    0x0, 0x0, 0xbd, 0xdd, 0x10, 0x31, 0x0, 0x0,
    0x2f, 0xa3, 0xf9, 0x0, 0x0, 0x2f, 0xa3, 0xf9,
    0x0, 0x1f, 0xfd, 0xf, 0xc0, 0x0, 0x1c, 0xdd,
    0x3f, 0x90, 0x0, 0x0, 0x2f, 0xfe, 0x0, 0x0,
    0x0, 0x2f, 0xfe, 0x0, 0x0, 0xef, 0xff, 0xf1,
    0xcf, 0xf2, 0xff, 0xff, 0xf1, 0xcf, 0xf2, 0x23,
    0xaf, 0x64, 0xdb, 0xf1, 0x0, 0x9f, 0x46, 0xfb,
    0xf2, 0x1, 0xad, 0x26, 0xca, 0xf1, 0x6, 0xf6,
    0xe, 0x5a, 0xf2, 0x4, 0xc4, 0x1e, 0x7b, 0xf3,
    0x0, 0x0, 0x7f, 0xff, 0xfb, 0x0, 0x0, 0x7f,
    0xff, 0xfb, 0x0, 0x0, 0x0, 0xa, 0xf2, 0x0,
    0x0, 0x0, 0xa, 0xf2,

    /* U+00BF "¿" */
    0x0, 0x3, 0x30, 0x0, 0x0, 0x2, 0xff, 0x30,
    0x0, 0x0, 0x2f, 0xf3, 0x0, 0x0, 0x0, 0x0,
    0x0, 0x0, 0x0, 0x0, 0x0, 0x0, 0x0, 0x2,
    0xff, 0x30, 0x0, 0x0, 0x2f, 0xf3, 0x0, 0x0,
    0x8f, 0xd0, 0x0, 0x0, 0x9, 0xfd, 0x0, 0x0,
    0x5, 0xb8, 0x20, 0x0, 0x0, 0xff, 0x70, 0x0,
    0x0, 0xe, 0xf6, 0x0, 0x2, 0x31, 0xff, 0x60,
    0x0, 0xcf, 0x9e, 0xf6, 0x0, 0xc, 0xf9, 0xd,
    0xff, 0xff, 0xe0, 0x0, 0xdf, 0xff, 0xfe, 0x0,
    0x2, 0x33, 0x33, 0x20, 0x0,

    /* U+00C0 "À" */
    0x0, 0xbf, 0xa0, 0x0, 0x0, 0x0, 0xbf, 0xa0,
    0x0, 0x0, 0x0, 0x9, 0xfc, 0x0, 0x0, 0x0,
    0x9, 0xfc, 0x0, 0x0, 0x0, 0x1, 0x32, 0x0,
    0x0, 0x0, 0x0, 0x0, 0x0, 0x0, 0x0, 0x0,
    0x0, 0x0, 0x0, 0x0, 0x2f, 0xff, 0x50, 0x0,
    0x0, 0x2f, 0xff, 0x50, 0x0, 0x0, 0x9f, 0xff,
    0xc0, 0x0, 0x0, 0xbf, 0xff, 0xe0, 0x0, 0x8,
    0xfe, 0x6c, 0xfb, 0x0, 0x8, 0xfd, 0xa, 0xfb,
    0x0, 0x1f, 0xf4, 0x0, 0xff, 0x40, 0x1f, 0xf4,
    0x0, 0xff, 0x40, 0x1f, 0xff, 0xff, 0xff, 0x40,
    0x2f, 0xff, 0xff, 0xff, 0x50, 0x6f, 0x83, 0x33,
    0x5f, 0x80, 0xff, 0x70, 0x0, 0x3f, 0xf2, 0xef,
    0x60, 0x0, 0x2f, 0xf1, 0xff, 0x60, 0x0, 0x3f,
    0xf2, 0xef, 0x60, 0x0, 0x3f, 0xf2,

    /* U+00C1 "Á" */
    0x0, 0x0, 0x7f, 0xe0, 0x0, 0x0, 0x0, 0x7f,
    0xe0, 0x0, 0x0, 0x9, 0xfc, 0x0, 0x0, 0x0,
    0x9, 0xfc, 0x0, 0x0, 0x0, 0x1, 0x32, 0x0,
    0x0, 0x0, 0x0, 0x0, 0x0, 0x0, 0x0, 0x0,
    0x0, 0x0, 0x0, 0x0, 0x2f, 0xff, 0x50, 0x0,
    0x0, 0x2f, 0xff, 0x50, 0x0, 0x0, 0x9f, 0xff,
    0xc0, 0x0, 0x0, 0xbf, 0xff, 0xe0, 0x0, 0x8,
    0xfe, 0x6c, 0xfb, 0x0, 0x8, 0xfd, 0xa, 0xfb,
    0x0, 0x1f, 0xf4, 0x0, 0xff, 0x40, 0x1f, 0xf4,
    0x0, 0xff, 0x40, 0x1f, 0xff, 0xff, 0xff, 0x40,
    0x2f, 0xff, 0xff, 0xff, 0x50, 0x6f, 0x83, 0x33,
    0x5f, 0x80, 0xff, 0x70, 0x0, 0x3f, 0xf2, 0xef,
    0x60, 0x0, 0x2f, 0xf1, 0xff, 0x60, 0x0, 0x3f,
    0xf2, 0xef, 0x60, 0x0, 0x3f, 0xf2,

    /* U+00C2 "Â" */
    0x0, 0x2f, 0xff, 0x50, 0x0, 0x0, 0x2f, 0xff,
    0x50, 0x0, 0x8, 0xfd, 0x9, 0xfb, 0x0, 0x8,
    0xfd, 0xa, 0xfc, 0x0, 0x1, 0x32, 0x1, 0x32,
    0x0, 0x0, 0x0, 0x0, 0x0, 0x0, 0x0, 0x0,
    0x0, 0x0, 0x0, 0x0, 0x2f, 0xff, 0x50, 0x0,
    0x0, 0x2f, 0xff, 0x50, 0x0, 0x0, 0x9f, 0xff,
    0xc0, 0x0, 0x0, 0xbf, 0xff, 0xe0, 0x0, 0x8,
    0xfe, 0x6c, 0xfb, 0x0, 0x8, 0xfd, 0xa, 0xfb,
    0x0, 0x1f, 0xf4, 0x0, 0xff, 0x40, 0x1f, 0xf4,
    0x0, 0xff, 0x40, 0x1f, 0xff, 0xff, 0xff, 0x40,
    0x2f, 0xff, 0xff, 0xff, 0x50, 0x6f, 0x83, 0x33,
    0x5f, 0x80, 0xff, 0x70, 0x0, 0x3f, 0xf2, 0xef,
    0x60, 0x0, 0x2f, 0xf1, 0xff, 0x60, 0x0, 0x3f,
    0xf2, 0xef, 0x60, 0x0, 0x3f, 0xf2,

    /* U+00C3 "Ã" */
    0x4, 0xff, 0xf3, 0xa, 0xf2, 0x4, 0xff, 0xf3,
    0xa, 0xf2, 0xed, 0x0, 0xff, 0xf7, 0x0, 0xfd,
    0x0, 0xff, 0xf7, 0x0, 0x22, 0x0, 0x33, 0x31,
    0x0, 0x0, 0x0, 0x0, 0x0, 0x0, 0x0, 0x0,
    0x0, 0x0, 0x0, 0x0, 0x2f, 0xff, 0x50, 0x0,
    0x0, 0x2f, 0xff, 0x50, 0x0, 0x0, 0x9f, 0xff,
    0xc0, 0x0, 0x0, 0xbf, 0xff, 0xe0, 0x0, 0x8,
    0xfe, 0x6c, 0xfb, 0x0, 0x8, 0xfd, 0xa, 0xfb,
    0x0, 0x1f, 0xf4, 0x0, 0xff, 0x40, 0x1f, 0xf4,
    0x0, 0xff, 0x40, 0x1f, 0xff, 0xff, 0xff, 0x40,
    0x2f, 0xff, 0xff, 0xff, 0x50, 0x6f, 0x83, 0x33,
    0x5f, 0x80, 0xff, 0x70, 0x0, 0x3f, 0xf2, 0xef,
    0x60, 0x0, 0x2f, 0xf1, 0xff, 0x60, 0x0, 0x3f,
    0xf2, 0xef, 0x60, 0x0, 0x3f, 0xf2,

    /* U+00C4 "Ä" */
    0xd, 0xf8, 0x5, 0xff, 0x0, 0xd, 0xf8, 0x5,
    0xff, 0x0, 0x2, 0x31, 0x0, 0x33, 0x0, 0x0,
    0x0, 0x0, 0x0, 0x0, 0x0, 0x0, 0x0, 0x0,
    0x0, 0x0, 0x2f, 0xff, 0x50, 0x0, 0x0, 0x2f,
    0xff, 0x50, 0x0, 0x0, 0x9f, 0xff, 0xc0, 0x0,
    0x0, 0xbf, 0xff, 0xe0, 0x0, 0x8, 0xfe, 0x6c,
    0xfb, 0x0, 0x8, 0xfd, 0xa, 0xfb, 0x0, 0x1f,
    0xf4, 0x0, 0xff, 0x40, 0x1f, 0xf4, 0x0, 0xff,
    0x40, 0x1f, 0xff, 0xff, 0xff, 0x40, 0x2f, 0xff,
    0xff, 0xff, 0x50, 0x6f, 0x83, 0x33, 0x5f, 0x80,
    0xff, 0x70, 0x0, 0x3f, 0xf2, 0xef, 0x60, 0x0,
    0x2f, 0xf1, 0xff, 0x60, 0x0, 0x3f, 0xf2, 0xef,
    0x60, 0x0, 0x3f, 0xf2,

    /* U+00C5 "Å" */
    0x0, 0x13, 0x33, 0x20, 0x0, 0x0, 0xbf, 0xff,
    0xe0, 0x0, 0x0, 0xbf, 0xff, 0xe0, 0x0, 0x8,
    0xf4, 0x0, 0xfb, 0x0, 0x8, 0xf4, 0x0, 0xfb,
    0x0, 0x0, 0xbf, 0xff, 0xe0, 0x0, 0x0, 0xbf,
    0xff, 0xe0, 0x0, 0x0, 0x23, 0x33, 0x20, 0x0,
    0x0, 0x0, 0x0, 0x0, 0x0, 0x0, 0x0, 0x0,
    0x0, 0x0, 0x0, 0x2f, 0xff, 0x50, 0x0, 0x0,
    0x2f, 0xff, 0x50, 0x0, 0x0, 0x9f, 0xff, 0xc0,
    0x0, 0x0, 0xbf, 0xff, 0xe0, 0x0, 0x8, 0xfe,
    0x6c, 0xfb, 0x0, 0x8, 0xfd, 0xa, 0xfb, 0x0,
    0x1f, 0xf4, 0x0, 0xff, 0x40, 0x1f, 0xf4, 0x0,
    0xff, 0x40, 0x1f, 0xff, 0xff, 0xff, 0x40, 0x2f,
    0xff, 0xff, 0xff, 0x50, 0x6f, 0x83, 0x33, 0x5f,
    0x80, 0xff, 0x70, 0x0, 0x3f, 0xf2, 0xef, 0x60,
    0x0, 0x2f, 0xf1, 0xff, 0x60, 0x0, 0x3f, 0xf2,
    0xef, 0x60, 0x0, 0x3f, 0xf2,

    /* U+00C6 "Æ" */
    0x4, 0xff, 0xff, 0xff, 0xf2, 0x4, 0xff, 0xff,
    0xff, 0xf2, 0xb, 0xf3, 0x8f, 0xe3, 0x30, 0xd,
    0xf0, 0x7f, 0xe0, 0x0, 0x6f, 0xf0, 0x7f, 0xe0,
    0x0, 0x6f, 0xf0, 0x7f, 0xe0, 0x0, 0x6f, 0xf0,
    0x7f, 0xff, 0xf2, 0x6f, 0xf0, 0x7f, 0xff, 0xf2,
    0xef, 0xff, 0xff, 0xe0, 0x0, 0xff, 0xff, 0xff,
    0xe0, 0x0, 0xef, 0x83, 0x8f, 0xd0, 0x0, 0xff,
    0x70, 0x7f, 0xe0, 0x0, 0xef, 0x60, 0x6f, 0xe3,
    0x30, 0xff, 0x60, 0x7f, 0xff, 0xf2, 0xef, 0x60,
    0x7f, 0xff, 0xf2,

    /* U+00C7 "Ç" */
    0x0, 0xbf, 0xff, 0xff, 0x0, 0xd, 0xff, 0xff,
    0xff, 0xf2, 0xd, 0xfa, 0x33, 0x5f, 0xf2, 0xc,
    0x81, 0x0, 0x3, 0x30, 0xef, 0x70, 0x0, 0x0,
    0x0, 0xff, 0x60, 0x0, 0x0, 0x0, 0xef, 0x60,
    0x0, 0x0, 0x0, 0xff, 0x70, 0x0, 0x0, 0x0,
    0xef, 0x60, 0x0, 0x0, 0x0, 0xff, 0x60, 0x0,
    0x0, 0x0, 0x8e, 0xf8, 0x0, 0x3f, 0xf2, 0xd,
    0xf9, 0x0, 0x3f, 0xf2, 0x2, 0xc9, 0x33, 0x5f,
    0x30, 0x0, 0xbf, 0xff, 0xff, 0x10, 0x0, 0xaf,
    0xff, 0xff, 0x0, 0x0, 0x0, 0x7f, 0x50, 0x0,
    0x0, 0x2, 0x9e, 0x40, 0x0, 0x0, 0xd, 0xf8,
    0x0, 0x0, 0x0, 0xd, 0xf7, 0x0, 0x0,

    /* U+00C8 "È" */
    0xb, 0xfa, 0x0, 0x0, 0xb, 0xfa, 0x0, 0x0,
    0x0, 0x9f, 0xc0, 0x0, 0x0, 0x9f, 0xc0, 0x0,
    0x0, 0x13, 0x20, 0x0, 0x0, 0x0, 0x0, 0x0,
    0x0, 0x0, 0x0, 0x0, 0xdf, 0xff, 0xff, 0xf0,
    0xdf, 0xff, 0xff, 0xf0, 0xcf, 0x93, 0x33, 0x20,
    0xdf, 0x80, 0x0, 0x0, 0xdf, 0x80, 0x0, 0x0,
    0xdf, 0x80, 0x0, 0x0, 0xdf, 0xff, 0xff, 0xf0,
    0xdf, 0xff, 0xff, 0xf0, 0xcf, 0x93, 0x33, 0x30,
    0xdf, 0x90, 0x0, 0x0, 0xcf, 0x80, 0x0, 0x0,
    0xdf, 0x90, 0x0, 0x0, 0xcf, 0x93, 0x33, 0x30,
    0xdf, 0xff, 0xff, 0xf0, 0xdf, 0xff, 0xff, 0xf0,

    /* U+00C9 "É" */
    0x0, 0x7, 0xfe, 0x0, 0x0, 0x7, 0xfe, 0x0,
    0x0, 0x9f, 0xc0, 0x0, 0x0, 0x9f, 0xc0, 0x0,
    0x0, 0x13, 0x20, 0x0, 0x0, 0x0, 0x0, 0x0,
    0x0, 0x0, 0x0, 0x0, 0xdf, 0xff, 0xff, 0xf0,
    0xdf, 0xff, 0xff, 0xf0, 0xcf, 0x93, 0x33, 0x20,
    0xdf, 0x80, 0x0, 0x0, 0xdf, 0x80, 0x0, 0x0,
    0xdf, 0x80, 0x0, 0x0, 0xdf, 0xff, 0xff, 0xf0,
    0xdf, 0xff, 0xff, 0xf0, 0xcf, 0x93, 0x33, 0x30,
    0xdf, 0x90, 0x0, 0x0, 0xcf, 0x80, 0x0, 0x0,
    0xdf, 0x90, 0x0, 0x0, 0xcf, 0x93, 0x33, 0x30,
    0xdf, 0xff, 0xff, 0xf0, 0xdf, 0xff, 0xff, 0xf0,

    /* U+00CA "Ê" */
    0x2, 0xff, 0xf5, 0x0, 0x2, 0xff, 0xf5, 0x0,
    0x8f, 0xd0, 0x9f, 0xb0, 0x8f, 0xd0, 0xaf, 0xc0,
    0x13, 0x20, 0x13, 0x20, 0x0, 0x0, 0x0, 0x0,
    0x0, 0x0, 0x0, 0x0, 0xdf, 0xff, 0xff, 0xf0,
    0xdf, 0xff, 0xff, 0xf0, 0xcf, 0x93, 0x33, 0x20,
    0xdf, 0x80, 0x0, 0x0, 0xdf, 0x80, 0x0, 0x0,
    0xdf, 0x80, 0x0, 0x0, 0xdf, 0xff, 0xff, 0xf0,
    0xdf, 0xff, 0xff, 0xf0, 0xcf, 0x93, 0x33, 0x30,
    0xdf, 0x90, 0x0, 0x0, 0xcf, 0x80, 0x0, 0x0,
    0xdf, 0x90, 0x0, 0x0, 0xcf, 0x93, 0x33, 0x30,
    0xdf, 0xff, 0xff, 0xf0, 0xdf, 0xff, 0xff, 0xf0,

    /* U+00CB "Ë" */
    0xdf, 0x80, 0x5f, 0xf0, 0xdf, 0x80, 0x5f, 0xf0,
    0x23, 0x10, 0x3, 0x30, 0x0, 0x0, 0x0, 0x0,
    0x0, 0x0, 0x0, 0x0, 0xdf, 0xff, 0xff, 0xf0,
    0xdf, 0xff, 0xff, 0xf0, 0xcf, 0x93, 0x33, 0x20,
    0xdf, 0x80, 0x0, 0x0, 0xdf, 0x80, 0x0, 0x0,
    0xdf, 0x80, 0x0, 0x0, 0xdf, 0xff, 0xff, 0xf0,
    0xdf, 0xff, 0xff, 0xf0, 0xcf, 0x93, 0x33, 0x30,
    0xdf, 0x90, 0x0, 0x0, 0xcf, 0x80, 0x0, 0x0,
    0xdf, 0x90, 0x0, 0x0, 0xcf, 0x93, 0x33, 0x30,
    0xdf, 0xff, 0xff, 0xf0, 0xdf, 0xff, 0xff, 0xf0,

    /* U+00CC "Ì" */
    0xb, 0xfa, 0x0, 0x0, 0xbf, 0xa0, 0x0, 0x0,
    0x9f, 0xc0, 0x0, 0x9, 0xfc, 0x0, 0x0, 0x13,
    0x20, 0x0, 0x0, 0x0, 0x0, 0x0, 0x0, 0x0,
    0x4, 0xff, 0xff, 0xf7, 0x4f, 0xff, 0xff, 0x70,
    0x3a, 0xfc, 0x31, 0x0, 0x9f, 0xc0, 0x0, 0x8,
    0xfb, 0x0, 0x0, 0x9f, 0xc0, 0x0, 0x8, 0xfb,
    0x0, 0x0, 0x9f, 0xc0, 0x0, 0x8, 0xfb, 0x0,
    0x0, 0x9f, 0xc0, 0x0, 0x8, 0xfb, 0x0, 0x0,
    0x9f, 0xc0, 0x0, 0x3a, 0xfc, 0x31, 0x4f, 0xff,
    0xff, 0x74, 0xff, 0xff, 0xf7,

    /* U+00CD "Í" */
    0x0, 0x7, 0xfe, 0x0, 0x0, 0x7f, 0xe0, 0x0,
    0x9f, 0xc0, 0x0, 0x9, 0xfc, 0x0, 0x0, 0x13,
    0x20, 0x0, 0x0, 0x0, 0x0, 0x0, 0x0, 0x0,
    0x4, 0xff, 0xff, 0xf7, 0x4f, 0xff, 0xff, 0x70,
    0x3a, 0xfc, 0x31, 0x0, 0x9f, 0xc0, 0x0, 0x8,
    0xfb, 0x0, 0x0, 0x9f, 0xc0, 0x0, 0x8, 0xfb,
    0x0, 0x0, 0x9f, 0xc0, 0x0, 0x8, 0xfb, 0x0,
    0x0, 0x9f, 0xc0, 0x0, 0x8, 0xfb, 0x0, 0x0,
    0x9f, 0xc0, 0x0, 0x3a, 0xfc, 0x31, 0x4f, 0xff,
    0xff, 0x74, 0xff, 0xff, 0xf7,

    /* U+00CE "Î" */
    0x2, 0xff, 0xf5, 0x0, 0x2f, 0xff, 0x50, 0x8f,
    0xd0, 0x9f, 0xb8, 0xfd, 0xa, 0xfc, 0x13, 0x20,
    0x13, 0x20, 0x0, 0x0, 0x0, 0x0, 0x0, 0x0,
    0x4, 0xff, 0xff, 0xf7, 0x4f, 0xff, 0xff, 0x70,
    0x3a, 0xfc, 0x31, 0x0, 0x9f, 0xc0, 0x0, 0x8,
    0xfb, 0x0, 0x0, 0x9f, 0xc0, 0x0, 0x8, 0xfb,
    0x0, 0x0, 0x9f, 0xc0, 0x0, 0x8, 0xfb, 0x0,
    0x0, 0x9f, 0xc0, 0x0, 0x8, 0xfb, 0x0, 0x0,
    0x9f, 0xc0, 0x0, 0x3a, 0xfc, 0x31, 0x4f, 0xff,
    0xff, 0x74, 0xff, 0xff, 0xf7,

    /* U+00CF "Ï" */
    0xdf, 0x80, 0x5f, 0xf0, 0xdf, 0x80, 0x5f, 0xf0,
    0x23, 0x10, 0x3, 0x30, 0x0, 0x0, 0x0, 0x0,
    0x0, 0x0, 0x0, 0x0, 0x4f, 0xff, 0xff, 0x70,
    0x4f, 0xff, 0xff, 0x70, 0x3, 0xaf, 0xc3, 0x10,
    0x0, 0x9f, 0xc0, 0x0, 0x0, 0x8f, 0xb0, 0x0,
    0x0, 0x9f, 0xc0, 0x0, 0x0, 0x8f, 0xb0, 0x0,
    0x0, 0x9f, 0xc0, 0x0, 0x0, 0x8f, 0xb0, 0x0,
    0x0, 0x9f, 0xc0, 0x0, 0x0, 0x8f, 0xb0, 0x0,
    0x0, 0x9f, 0xc0, 0x0, 0x3, 0xaf, 0xc3, 0x10,
    0x4f, 0xff, 0xff, 0x70, 0x4f, 0xff, 0xff, 0x70,

    /* U+00D0 "Ð" */
    0xef, 0xff, 0xff, 0xe0, 0x0, 0xff, 0xff, 0xff,
    0xe0, 0x0, 0x2d, 0xf9, 0x37, 0xff, 0x0, 0xd,
    0xf8, 0x5, 0xff, 0x0, 0xd, 0xf8, 0x0, 0x3f,
    0xf2, 0xd, 0xf8, 0x0, 0x3f, 0xf2, 0xef, 0xff,
    0xa0, 0x3f, 0xf2, 0xff, 0xff, 0xa0, 0x3f, 0xf2,
    0x2d, 0xf9, 0x10, 0x3f, 0xf1, 0xd, 0xf9, 0x0,
    0x3f, 0xf2, 0xc, 0xf8, 0x1, 0x8f, 0x90, 0xd,
    0xf9, 0x5, 0xff, 0x0, 0x2d, 0xf9, 0x37, 0xfc,
    0x0, 0xff, 0xff, 0xff, 0xe0, 0x0, 0xef, 0xff,
    0xff, 0xe0, 0x0,

    /* U+00D1 "Ñ" */
    0x4, 0xff, 0xf3, 0xa, 0xf2, 0x4, 0xff, 0xf3,
    0xa, 0xf2, 0xed, 0x0, 0xff, 0xf7, 0x0, 0xfd,
    0x0, 0xff, 0xf7, 0x0, 0x22, 0x0, 0x33, 0x31,
    0x0, 0x0, 0x0, 0x0, 0x0, 0x0, 0x0, 0x0,
    0x0, 0x0, 0x0, 0xef, 0xf0, 0x0, 0x3f, 0xf2,
    0xef, 0xf0, 0x0, 0x3f, 0xf2, 0xef, 0xfd, 0x0,
    0x3f, 0xf2, 0xef, 0xfd, 0x0, 0x3f, 0xf2, 0xef,
    0xff, 0xa0, 0x3f, 0xf2, 0xef, 0xff, 0xa0, 0x3f,
    0xf2, 0xff, 0x69, 0xfc, 0x3f, 0xf2, 0xff, 0x79,
    0xfc, 0x3f, 0xf2, 0xef, 0x63, 0xad, 0x8f, 0xf1,
    0xff, 0x70, 0x7f, 0xff, 0xf2, 0xef, 0x60, 0x2c,
    0xff, 0xf1, 0xff, 0x70, 0xa, 0xff, 0xf2, 0xef,
    0x60, 0x9, 0xff, 0xf1, 0xef, 0x60, 0x0, 0x3f,
    0xf2, 0xef, 0x60, 0x0, 0x3f, 0xf2,

    /* U+00D2 "Ò" */
    0x0, 0xbf, 0xa0, 0x0, 0x0, 0x0, 0xbf, 0xa0,
    0x0, 0x0, 0x0, 0x9, 0xfc, 0x0, 0x0, 0x0,
    0x9, 0xfc, 0x0, 0x0, 0x0, 0x1, 0x32, 0x0,
    0x0, 0x0, 0x0, 0x0, 0x0, 0x0, 0x0, 0x0,
    0x0, 0x0, 0x0, 0x0, 0xbf, 0xff, 0xe0, 0x0,
    0x0, 0xbf, 0xff, 0xe0, 0x0, 0x1f, 0xf6, 0x33,
    0xff, 0x40, 0x1f, 0xf4, 0x0, 0xff, 0x40, 0xef,
    0x60, 0x0, 0x3f, 0xf2, 0xff, 0x60, 0x0, 0x3f,
    0xf2, 0xef, 0x60, 0x0, 0x3f, 0xf1, 0xff, 0x70,
    0x0, 0x3f, 0xf2, 0xef, 0x60, 0x0, 0x2f, 0xf1,
    0xff, 0x70, 0x0, 0x3f, 0xf2, 0x9f, 0xa1, 0x0,
    0x8f, 0xb1, 0x2f, 0xf4, 0x1, 0xff, 0x50, 0x1c,
    0xe6, 0x33, 0xfc, 0x30, 0x0, 0xbf, 0xff, 0xe0,
    0x0, 0x0, 0xbf, 0xff, 0xe0, 0x0,

    /* U+00D3 "Ó" */
    0x0, 0x0, 0x7f, 0xe0, 0x0, 0x0, 0x0, 0x7f,
    0xe0, 0x0, 0x0, 0x9, 0xfc, 0x0, 0x0, 0x0,
    0x9, 0xfc, 0x0, 0x0, 0x0, 0x1, 0x32, 0x0,
    0x0, 0x0, 0x0, 0x0, 0x0, 0x0, 0x0, 0x0,
    0x0, 0x0, 0x0, 0x0, 0xbf, 0xff, 0xe0, 0x0,
    0x0, 0xbf, 0xff, 0xe0, 0x0, 0x1f, 0xf6, 0x33,
    0xff, 0x40, 0x1f, 0xf4, 0x0, 0xff, 0x40, 0xef,
    0x60, 0x0, 0x3f, 0xf2, 0xff, 0x60, 0x0, 0x3f,
    0xf2, 0xef, 0x60, 0x0, 0x3f, 0xf1, 0xff, 0x70,
    0x0, 0x3f, 0xf2, 0xef, 0x60, 0x0, 0x2f, 0xf1,
    0xff, 0x70, 0x0, 0x3f, 0xf2, 0x9f, 0xa1, 0x0,
    0x8f, 0xb1, 0x2f, 0xf4, 0x1, 0xff, 0x50, 0x1c,
    0xe6, 0x33, 0xfc, 0x30, 0x0, 0xbf, 0xff, 0xe0,
    0x0, 0x0, 0xbf, 0xff, 0xe0, 0x0,

    /* U+00D4 "Ô" */
    0x0, 0x2f, 0xff, 0x50, 0x0, 0x0, 0x2f, 0xff,
    0x50, 0x0, 0x8, 0xfd, 0x9, 0xfb, 0x0, 0x8,
    0xfd, 0xa, 0xfc, 0x0, 0x1, 0x32, 0x1, 0x32,
    0x0, 0x0, 0x0, 0x0, 0x0, 0x0, 0x0, 0x0,
    0x0, 0x0, 0x0, 0x0, 0xbf, 0xff, 0xe0, 0x0,
    0x0, 0xbf, 0xff, 0xe0, 0x0, 0x1f, 0xf6, 0x33,
    0xff, 0x40, 0x1f, 0xf4, 0x0, 0xff, 0x40, 0xef,
    0x60, 0x0, 0x3f, 0xf2, 0xff, 0x60, 0x0, 0x3f,
    0xf2, 0xef, 0x60, 0x0, 0x3f, 0xf1, 0xff, 0x70,
    0x0, 0x3f, 0xf2, 0xef, 0x60, 0x0, 0x2f, 0xf1,
    0xff, 0x70, 0x0, 0x3f, 0xf2, 0x9f, 0xa1, 0x0,
    0x8f, 0xb1, 0x2f, 0xf4, 0x1, 0xff, 0x50, 0x1c,
    0xe6, 0x33, 0xfc, 0x30, 0x0, 0xbf, 0xff, 0xe0,
    0x0, 0x0, 0xbf, 0xff, 0xe0, 0x0,

    /* U+00D5 "Õ" */
    0x4, 0xff, 0xf3, 0xa, 0xf2, 0x4, 0xff, 0xf3,
    0xa, 0xf2, 0xed, 0x0, 0xff, 0xf7, 0x0, 0xfd,
    0x0, 0xff, 0xf7, 0x0, 0x22, 0x0, 0x33, 0x31,
    0x0, 0x0, 0x0, 0x0, 0x0, 0x0, 0x0, 0x0,
    0x0, 0x0, 0x0, 0x0, 0xbf, 0xff, 0xe0, 0x0,
    0x0, 0xbf, 0xff, 0xe0, 0x0, 0x1f, 0xf6, 0x33,
    0xff, 0x40, 0x1f, 0xf4, 0x0, 0xff, 0x40, 0xef,
    0x60, 0x0, 0x3f, 0xf2, 0xff, 0x60, 0x0, 0x3f,
    0xf2, 0xef, 0x60, 0x0, 0x3f, 0xf1, 0xff, 0x70,
    0x0, 0x3f, 0xf2, 0xef, 0x60, 0x0, 0x2f, 0xf1,
    0xff, 0x70, 0x0, 0x3f, 0xf2, 0x9f, 0xa1, 0x0,
    0x8f, 0xb1, 0x2f, 0xf4, 0x1, 0xff, 0x50, 0x1c,
    0xe6, 0x33, 0xfc, 0x30, 0x0, 0xbf, 0xff, 0xe0,
    0x0, 0x0, 0xbf, 0xff, 0xe0, 0x0,

    /* U+00D6 "Ö" */
    0xd, 0xf8, 0x5, 0xff, 0x0, 0xd, 0xf8, 0x5,
    0xff, 0x0, 0x2, 0x31, 0x0, 0x33, 0x0, 0x0,
    0x0, 0x0, 0x0, 0x0, 0x0, 0x0, 0x0, 0x0,
    0x0, 0x0, 0xbf, 0xff, 0xe0, 0x0, 0x0, 0xbf,
    0xff, 0xe0, 0x0, 0x1f, 0xf6, 0x33, 0xff, 0x40,
    0x1f, 0xf4, 0x0, 0xff, 0x40, 0xef, 0x60, 0x0,
    0x3f, 0xf2, 0xff, 0x60, 0x0, 0x3f, 0xf2, 0xef,
    0x60, 0x0, 0x3f, 0xf1, 0xff, 0x70, 0x0, 0x3f,
    0xf2, 0xef, 0x60, 0x0, 0x2f, 0xf1, 0xff, 0x70,
    0x0, 0x3f, 0xf2, 0x9f, 0xa1, 0x0, 0x8f, 0xb1,
    0x2f, 0xf4, 0x1, 0xff, 0x50, 0x1c, 0xe6, 0x33,
    0xfc, 0x30, 0x0, 0xbf, 0xff, 0xe0, 0x0, 0x0,
    0xbf, 0xff, 0xe0, 0x0,

    /* U+00D7 "×" */
    0xdf, 0x0, 0xc, 0xf0, 0xdf, 0x20, 0x1d, 0xf0,
    0x2f, 0xd0, 0xaf, 0x50, 0xf, 0xd0, 0x9f, 0x20,
    0x0, 0xdf, 0xf0, 0x0, 0x0, 0xdf, 0xf1, 0x0,
    0x0, 0xdf, 0xf0, 0x0, 0x0, 0xdf, 0xf0, 0x0,
    0xf, 0xe6, 0xcf, 0x20, 0xf, 0xd0, 0xaf, 0x30,
    0x2f, 0x20, 0x1c, 0x50, 0xdf, 0x0, 0xd, 0xf0,
    0xdf, 0x0, 0xc, 0xf0,

    /* U+00D8 "Ø" */
    0x0, 0x0, 0x0, 0x3, 0x30, 0x0, 0x0, 0x0,
    0x3f, 0xf2, 0x0, 0x0, 0x0, 0x3f, 0xf2, 0x0,
    0xbf, 0xff, 0xff, 0x40, 0x9, 0xdf, 0xff, 0xff,
    0xb0, 0x2f, 0xf6, 0x3a, 0xff, 0xf2, 0x1f, 0xf4,
    0x9, 0xff, 0xf1, 0xef, 0x60, 0x9e, 0x3f, 0xf2,
    0xff, 0x60, 0x9e, 0x3f, 0xf2, 0xef, 0x61, 0xe7,
    0x3f, 0xf1, 0xef, 0x62, 0xf5, 0x3f, 0xf2, 0xef,
    0x6b, 0xc0, 0x3f, 0xf2, 0xff, 0x6b, 0xc0, 0x3f,
    0xf2, 0xef, 0xec, 0x20, 0xdf, 0x60, 0xff, 0xfd,
    0x1, 0xff, 0x50, 0xbf, 0xfd, 0x33, 0xfc, 0x30,
    0x1f, 0xff, 0xff, 0xe0, 0x0, 0x1f, 0xff, 0xff,
    0xe0, 0x0, 0xef, 0x60, 0x0, 0x0, 0x0, 0xff,
    0x60, 0x0, 0x0, 0x0, 0x23, 0x10, 0x0, 0x0,
    0x0,

    /* U+00D9 "Ù" */
    0x0, 0xbf, 0xa0, 0x0, 0x0, 0x0, 0xbf, 0xa0,
    0x0, 0x0, 0x0, 0x9, 0xfc, 0x0, 0x0, 0x0,
    0x9, 0xfc, 0x0, 0x0, 0x0, 0x1, 0x32, 0x0,
    0x0, 0x0, 0x0, 0x0, 0x0, 0x0, 0x0, 0x0,
    0x0, 0x0, 0x0, 0xef, 0x60, 0x0, 0x3f, 0xf2,
    0xff, 0x60, 0x0, 0x3f, 0xf2, 0xef, 0x60, 0x0,
    0x3f, 0xf1, 0xff, 0x60, 0x0, 0x3f, 0xf2, 0xef,
    0x60, 0x0, 0x3f, 0xf1, 0xff, 0x70, 0x0, 0x3f,
    0xf2, 0xef, 0x60, 0x0, 0x2f, 0xf1, 0xff, 0x70,
    0x0, 0x3f, 0xf2, 0xef, 0x60, 0x0, 0x2f, 0xf1,
    0xff, 0x70, 0x0, 0x3f, 0xf2, 0xef, 0x60, 0x0,
    0x2f, 0xf1, 0xff, 0x60, 0x0, 0x3f, 0xf2, 0xbf,
    0x83, 0x33, 0x5f, 0xc1, 0xd, 0xff, 0xff, 0xff,
    0x0, 0xd, 0xff, 0xff, 0xff, 0x0,

    /* U+00DA "Ú" */
    0x0, 0x0, 0x7f, 0xe0, 0x0, 0x0, 0x0, 0x7f,
    0xe0, 0x0, 0x0, 0x9, 0xfc, 0x0, 0x0, 0x0,
    0x9, 0xfc, 0x0, 0x0, 0x0, 0x1, 0x32, 0x0,
    0x0, 0x0, 0x0, 0x0, 0x0, 0x0, 0x0, 0x0,
    0x0, 0x0, 0x0, 0xef, 0x60, 0x0, 0x3f, 0xf2,
    0xff, 0x60, 0x0, 0x3f, 0xf2, 0xef, 0x60, 0x0,
    0x3f, 0xf1, 0xff, 0x60, 0x0, 0x3f, 0xf2, 0xef,
    0x60, 0x0, 0x3f, 0xf1, 0xff, 0x70, 0x0, 0x3f,
    0xf2, 0xef, 0x60, 0x0, 0x2f, 0xf1, 0xff, 0x70,
    0x0, 0x3f, 0xf2, 0xef, 0x60, 0x0, 0x2f, 0xf1,
    0xff, 0x70, 0x0, 0x3f, 0xf2, 0xef, 0x60, 0x0,
    0x2f, 0xf1, 0xff, 0x60, 0x0, 0x3f, 0xf2, 0xbf,
    0x83, 0x33, 0x5f, 0xc1, 0xd, 0xff, 0xff, 0xff,
    0x0, 0xd, 0xff, 0xff, 0xff, 0x0,

    /* U+00DB "Û" */
    0x0, 0x2f, 0xff, 0x50, 0x0, 0x0, 0x2f, 0xff,
    0x50, 0x0, 0x8, 0xfd, 0x9, 0xfb, 0x0, 0x8,
    0xfd, 0xa, 0xfc, 0x0, 0x1, 0x32, 0x1, 0x32,
    0x0, 0x0, 0x0, 0x0, 0x0, 0x0, 0x0, 0x0,
    0x0, 0x0, 0x0, 0xef, 0x60, 0x0, 0x3f, 0xf2,
    0xff, 0x60, 0x0, 0x3f, 0xf2, 0xef, 0x60, 0x0,
    0x3f, 0xf1, 0xff, 0x60, 0x0, 0x3f, 0xf2, 0xef,
    0x60, 0x0, 0x3f, 0xf1, 0xff, 0x70, 0x0, 0x3f,
    0xf2, 0xef, 0x60, 0x0, 0x2f, 0xf1, 0xff, 0x70,
    0x0, 0x3f, 0xf2, 0xef, 0x60, 0x0, 0x2f, 0xf1,
    0xff, 0x70, 0x0, 0x3f, 0xf2, 0xef, 0x60, 0x0,
    0x2f, 0xf1, 0xff, 0x60, 0x0, 0x3f, 0xf2, 0xbf,
    0x83, 0x33, 0x5f, 0xc1, 0xd, 0xff, 0xff, 0xff,
    0x0, 0xd, 0xff, 0xff, 0xff, 0x0,

    /* U+00DC "Ü" */
    0xd, 0xf8, 0x5, 0xff, 0x0, 0xd, 0xf8, 0x5,
    0xff, 0x0, 0x2, 0x31, 0x0, 0x33, 0x0, 0x0,
    0x0, 0x0, 0x0, 0x0, 0x0, 0x0, 0x0, 0x0,
    0x0, 0xef, 0x60, 0x0, 0x3f, 0xf2, 0xff, 0x60,
    0x0, 0x3f, 0xf2, 0xef, 0x60, 0x0, 0x3f, 0xf1,
    0xff, 0x60, 0x0, 0x3f, 0xf2, 0xef, 0x60, 0x0,
    0x3f, 0xf1, 0xff, 0x70, 0x0, 0x3f, 0xf2, 0xef,
    0x60, 0x0, 0x2f, 0xf1, 0xff, 0x70, 0x0, 0x3f,
    0xf2, 0xef, 0x60, 0x0, 0x2f, 0xf1, 0xff, 0x70,
    0x0, 0x3f, 0xf2, 0xef, 0x60, 0x0, 0x2f, 0xf1,
    0xff, 0x60, 0x0, 0x3f, 0xf2, 0xbf, 0x83, 0x33,
    0x5f, 0xc1, 0xd, 0xff, 0xff, 0xff, 0x0, 0xd,
    0xff, 0xff, 0xff, 0x0,

    /* U+00DD "Ý" */
    0x0, 0x0, 0x7f, 0xe0, 0x0, 0x0, 0x0, 0x7f,
    0xe0, 0x0, 0x0, 0x9, 0xfc, 0x0, 0x0, 0x0,
    0x9, 0xfc, 0x0, 0x0, 0x0, 0x1, 0x32, 0x0,
    0x0, 0x0, 0x0, 0x0, 0x0, 0x0, 0x0, 0x0,
    0x0, 0x0, 0x0, 0xef, 0x60, 0x0, 0x3f, 0xf2,
    0xff, 0x60, 0x0, 0x3f, 0xf2, 0xef, 0x60, 0x0,
    0x3f, 0xf1, 0xff, 0x60, 0x0, 0x3f, 0xf2, 0x5e,
    0xf8, 0x5, 0xff, 0x60, 0xd, 0xf8, 0x5, 0xff,
    0x0, 0x2, 0xbe, 0xcd, 0xe3, 0x0, 0x0, 0xbf,
    0xff, 0xe0, 0x0, 0x0, 0x4b, 0xfd, 0x50, 0x0,
    0x0, 0x9, 0xfc, 0x0, 0x0, 0x0, 0x8, 0xfb,
    0x0, 0x0, 0x0, 0x9, 0xfc, 0x0, 0x0, 0x0,
    0x8, 0xfc, 0x0, 0x0, 0x0, 0x9, 0xfc, 0x0,
    0x0, 0x0, 0x9, 0xfc, 0x0, 0x0,

    /* U+00DE "Þ" */
    0xef, 0xf8, 0x0, 0x0, 0x0, 0xff, 0xfa, 0x33,
    0x20, 0x0, 0x2d, 0xff, 0xff, 0xe0, 0x0, 0xd,
    0xff, 0xff, 0xe0, 0x0, 0xd, 0xf8, 0x0, 0xff,
    0x40, 0xd, 0xf8, 0x0, 0xff, 0x40, 0xd, 0xf8,
    0x0, 0x3f, 0xf2, 0xd, 0xf8, 0x0, 0x3f, 0xf2,
    0xc, 0xf8, 0x0, 0xdf, 0x60, 0xd, 0xf9, 0x1,
    0xff, 0x50, 0xc, 0xf9, 0x33, 0xf9, 0x20, 0xd,
    0xff, 0xff, 0xe0, 0x0, 0x2d, 0xfe, 0xcc, 0xb0,
    0x0, 0xff, 0xf8, 0x0, 0x0, 0x0, 0xef, 0xf8,
    0x0, 0x0, 0x0,

    /* U+00DF "ß" */
    0x0, 0xbf, 0xff, 0xff, 0x0, 0x2, 0xcf, 0xff,
    0xff, 0x30, 0xd, 0xf9, 0x33, 0x5f, 0xf2, 0xd,
    0xf8, 0x0, 0x3f, 0xf2, 0xef, 0xf8, 0x0, 0x3f,
    0xf2, 0xff, 0xf8, 0x0, 0x3f, 0xf2, 0x2d, 0xf8,
    0x7f, 0xff, 0x30, 0xd, 0xf8, 0x7f, 0xff, 0x0,
    0xc, 0xf8, 0x13, 0x5f, 0x60, 0xd, 0xf9, 0x0,
    0x3f, 0xf2, 0xc, 0xf8, 0x0, 0x2f, 0xf1, 0xd,
    0xf8, 0x0, 0x3f, 0xf2, 0x2d, 0xf8, 0x13, 0x5f,
    0xc1, 0xff, 0xf8, 0x7f, 0xff, 0x0, 0xef, 0xf8,
    0x7f, 0xff, 0x0,

    /* U+00E0 "à" */
    0x0, 0x23, 0x10, 0x0, 0x0, 0x0, 0xbf, 0xa0,
    0x0, 0x0, 0x0, 0xbf, 0xa0, 0x0, 0x0, 0x0,
    0x9, 0xfc, 0x0, 0x0, 0x0, 0x9, 0xfc, 0x0,
    0x0, 0x0, 0x1, 0x32, 0x0, 0x0, 0x0, 0x0,
    0x0, 0x0, 0x0, 0x4, 0xff, 0xff, 0xe0, 0x0,
    0x4, 0xff, 0xff, 0xe0, 0x0, 0x0, 0x33, 0x37,
    0xfc, 0x0, 0x0, 0x0, 0x5, 0xff, 0x0, 0xd,
    0xff, 0xff, 0xff, 0x0, 0xd, 0xff, 0xff, 0xff,
    0x0, 0x2d, 0x83, 0x37, 0xff, 0x0, 0xff, 0x70,
    0x5, 0xff, 0x0, 0xbf, 0x83, 0x36, 0xdf, 0x30,
    0xd, 0xff, 0xfc, 0x3f, 0xf2, 0xd, 0xff, 0xfc,
    0x3f, 0xf2,

    /* U+00E1 "á" */
    0x0, 0x0, 0x13, 0x20, 0x0, 0x0, 0x0, 0x7f,
    0xe0, 0x0, 0x0, 0x0, 0x7f, 0xe0, 0x0, 0x0,
    0x9, 0xfc, 0x0, 0x0, 0x0, 0x9, 0xfc, 0x0,
    0x0, 0x0, 0x1, 0x32, 0x0, 0x0, 0x0, 0x0,
    0x0, 0x0, 0x0, 0x4, 0xff, 0xff, 0xe0, 0x0,
    0x4, 0xff, 0xff, 0xe0, 0x0, 0x0, 0x33, 0x37,
    0xfc, 0x0, 0x0, 0x0, 0x5, 0xff, 0x0, 0xd,
    0xff, 0xff, 0xff, 0x0, 0xd, 0xff, 0xff, 0xff,
    0x0, 0x2d, 0x83, 0x37, 0xff, 0x0, 0xff, 0x70,
    0x5, 0xff, 0x0, 0xbf, 0x83, 0x36, 0xdf, 0x30,
    0xd, 0xff, 0xfc, 0x3f, 0xf2, 0xd, 0xff, 0xfc,
    0x3f, 0xf2,

    /* U+00E2 "â" */
    0x0, 0x3, 0x33, 0x0, 0x0, 0x0, 0x2f, 0xff,
    0x50, 0x0, 0x0, 0x2f, 0xff, 0x50, 0x0, 0x8,
    0xfd, 0x9, 0xfb, 0x0, 0x8, 0xfd, 0xa, 0xfc,
    0x0, 0x1, 0x32, 0x1, 0x32, 0x0, 0x0, 0x0,
    0x0, 0x0, 0x0, 0x4, 0xff, 0xff, 0xe0, 0x0,
    0x4, 0xff, 0xff, 0xe0, 0x0, 0x0, 0x33, 0x37,
    0xfc, 0x0, 0x0, 0x0, 0x5, 0xff, 0x0, 0xd,
    0xff, 0xff, 0xff, 0x0, 0xd, 0xff, 0xff, 0xff,
    0x0, 0x2d, 0x83, 0x37, 0xff, 0x0, 0xff, 0x70,
    0x5, 0xff, 0x0, 0xbf, 0x83, 0x36, 0xdf, 0x30,
    0xd, 0xff, 0xfc, 0x3f, 0xf2, 0xd, 0xff, 0xfc,
    0x3f, 0xf2,

    /* U+00E3 "ã" */
    0x0, 0x33, 0x30, 0x1, 0x30, 0x4, 0xff, 0xf3,
    0xa, 0xf2, 0x4, 0xff, 0xf3, 0xa, 0xf2, 0xed,
    0x0, 0xff, 0xf7, 0x0, 0xfd, 0x0, 0xff, 0xf7,
    0x0, 0x22, 0x0, 0x23, 0x31, 0x0, 0x0, 0x0,
    0x0, 0x0, 0x0, 0x4, 0xff, 0xff, 0xe0, 0x0,
    0x4, 0xff, 0xff, 0xe0, 0x0, 0x0, 0x33, 0x37,
    0xfc, 0x0, 0x0, 0x0, 0x5, 0xff, 0x0, 0xd,
    0xff, 0xff, 0xff, 0x0, 0xd, 0xff, 0xff, 0xff,
    0x0, 0x2d, 0x83, 0x37, 0xff, 0x0, 0xff, 0x70,
    0x5, 0xff, 0x0, 0xbf, 0x83, 0x36, 0xdf, 0x30,
    0xd, 0xff, 0xfc, 0x3f, 0xf2, 0xd, 0xff, 0xfc,
    0x3f, 0xf2,

    /* U+00E4 "ä" */
    0xd, 0xf8, 0x5, 0xff, 0x0, 0xd, 0xf8, 0x5,
    0xff, 0x0, 0x2, 0x31, 0x0, 0x32, 0x0, 0x0,
    0x0, 0x0, 0x0, 0x0, 0x4, 0xff, 0xff, 0xe0,
    0x0, 0x4, 0xff, 0xff, 0xe0, 0x0, 0x0, 0x33,
    0x37, 0xfc, 0x0, 0x0, 0x0, 0x5, 0xff, 0x0,
    0xd, 0xff, 0xff, 0xff, 0x0, 0xd, 0xff, 0xff,
    0xff, 0x0, 0x2d, 0x83, 0x37, 0xff, 0x0, 0xff,
    0x70, 0x5, 0xff, 0x0, 0xbf, 0x83, 0x36, 0xdf,
    0x30, 0xd, 0xff, 0xfc, 0x3f, 0xf2, 0xd, 0xff,
    0xfc, 0x3f, 0xf2,

    /* U+00E5 "å" */
    0x0, 0xbf, 0xff, 0xe0, 0x0, 0x0, 0xbf, 0xff,
    0xe0, 0x0, 0x1, 0xb6, 0x33, 0xe2, 0x0, 0x8,
    0xf4, 0x1, 0xfc, 0x0, 0x8, 0xf3, 0x0, 0xfb,
    0x0, 0x0, 0xbf, 0xff, 0xe0, 0x0, 0x0, 0xbf,
    0xff, 0xe0, 0x0, 0x0, 0x13, 0x33, 0x20, 0x0,
    0x0, 0x0, 0x0, 0x0, 0x0, 0x4, 0xff, 0xff,
    0xe0, 0x0, 0x4, 0xff, 0xff, 0xe0, 0x0, 0x0,
    0x33, 0x37, 0xfc, 0x0, 0x0, 0x0, 0x5, 0xff,
    0x0, 0xd, 0xff, 0xff, 0xff, 0x0, 0xd, 0xff,
    0xff, 0xff, 0x0, 0x2d, 0x83, 0x37, 0xff, 0x0,
    0xff, 0x70, 0x5, 0xff, 0x0, 0xbf, 0x83, 0x36,
    0xdf, 0x30, 0xd, 0xff, 0xfc, 0x3f, 0xf2, 0xd,
    0xff, 0xfc, 0x3f, 0xf2,

    /* U+00E6 "æ" */
    0x4, 0xff, 0xa5, 0xff, 0x90, 0x4, 0xff, 0xa5,
    0xff, 0x90, 0x0, 0x33, 0xed, 0x74, 0xe1, 0x0,
    0x0, 0xff, 0x51, 0xf2, 0xd, 0xff, 0xff, 0xff,
    0xf2, 0xd, 0xff, 0xff, 0xff, 0xf2, 0x2d, 0x83,
    0xff, 0x73, 0x30, 0xff, 0x70, 0xff, 0x50, 0x0,
    0xbf, 0x83, 0xed, 0x73, 0x30, 0xd, 0xff, 0xa5,
    0xff, 0xf2, 0xd, 0xff, 0xa5, 0xff, 0xf2,

    /* U+00E7 "ç" */
    0x0, 0xbf, 0xff, 0xff, 0x0, 0x2, 0xcf, 0xff,
    0xff, 0x30, 0xd, 0xfa, 0x33, 0x5f, 0xf2, 0xd,
    0xf8, 0x0, 0x3f, 0xf2, 0xef, 0x60, 0x0, 0x0,
    0x0, 0xef, 0x60, 0x0, 0x0, 0x0, 0xd, 0xf8,
    0x0, 0x3f, 0xf2, 0xd, 0xf9, 0x0, 0x3f, 0xf2,
    0x2, 0xc9, 0x33, 0x5f, 0x30, 0x0, 0xbf, 0xff,
    0xff, 0x10, 0x0, 0xaf, 0xff, 0xff, 0x0, 0x0,
    0x0, 0x7f, 0x50, 0x0, 0x0, 0x2, 0x9e, 0x40,
    0x0, 0x0, 0xd, 0xf8, 0x0, 0x0, 0x0, 0xd,
    0xf7, 0x0, 0x0,

    /* U+00E8 "è" */
    0x0, 0x3, 0x30, 0x0, 0x0, 0x0, 0x2f, 0xf3,
    0x0, 0x0, 0x0, 0x2f, 0xf3, 0x0, 0x0, 0x0,
    0x0, 0xff, 0x50, 0x0, 0x0, 0x0, 0xff, 0x50,
    0x0, 0x0, 0x0, 0x23, 0x0, 0x0, 0x0, 0x0,
    0x0, 0x0, 0x0, 0x0, 0xbf, 0xff, 0xff, 0x0,
    0x0, 0xbf, 0xff, 0xff, 0x0, 0x1f, 0xf6, 0x33,
    0x5f, 0xf2, 0x1f, 0xf4, 0x0, 0x3f, 0xf2, 0xef,
    0xff, 0xff, 0xff, 0xf2, 0xff, 0xff, 0xff, 0xff,
    0xf2, 0x3f, 0xf6, 0x33, 0x33, 0x30, 0x2f, 0xf4,
    0x0, 0x0, 0x0, 0x9, 0xd6, 0x33, 0x33, 0x0,
    0x0, 0xbf, 0xff, 0xff, 0x0, 0x0, 0xbf, 0xff,
    0xff, 0x0,

    /* U+00E9 "é" */
    0x0, 0x0, 0x2, 0x31, 0x0, 0x0, 0x0, 0xe,
    0xf7, 0x0, 0x0, 0x0, 0xe, 0xf7, 0x0, 0x0,
    0x0, 0xff, 0x50, 0x0, 0x0, 0x0, 0xff, 0x50,
    0x0, 0x0, 0x0, 0x23, 0x0, 0x0, 0x0, 0x0,
    0x0, 0x0, 0x0, 0x0, 0xbf, 0xff, 0xff, 0x0,
    0x0, 0xbf, 0xff, 0xff, 0x0, 0x1f, 0xf6, 0x33,
    0x5f, 0xf2, 0x1f, 0xf4, 0x0, 0x3f, 0xf2, 0xef,
    0xff, 0xff, 0xff, 0xf2, 0xff, 0xff, 0xff, 0xff,
    0xf2, 0x3f, 0xf6, 0x33, 0x33, 0x30, 0x2f, 0xf4,
    0x0, 0x0, 0x0, 0x9, 0xd6, 0x33, 0x33, 0x0,
    0x0, 0xbf, 0xff, 0xff, 0x0, 0x0, 0xbf, 0xff,
    0xff, 0x0,

    /* U+00EA "ê" */
    0x0, 0x1, 0x33, 0x20, 0x0, 0x0, 0x9, 0xff,
    0xe0, 0x0, 0x0, 0x9, 0xff, 0xe0, 0x0, 0x0,
    0xff, 0x50, 0xff, 0x40, 0x0, 0xff, 0x61, 0xff,
    0x40, 0x0, 0x23, 0x0, 0x33, 0x0, 0x0, 0x0,
    0x0, 0x0, 0x0, 0x0, 0xbf, 0xff, 0xff, 0x0,
    0x0, 0xbf, 0xff, 0xff, 0x0, 0x1f, 0xf6, 0x33,
    0x5f, 0xf2, 0x1f, 0xf4, 0x0, 0x3f, 0xf2, 0xef,
    0xff, 0xff, 0xff, 0xf2, 0xff, 0xff, 0xff, 0xff,
    0xf2, 0x3f, 0xf6, 0x33, 0x33, 0x30, 0x2f, 0xf4,
    0x0, 0x0, 0x0, 0x9, 0xd6, 0x33, 0x33, 0x0,
    0x0, 0xbf, 0xff, 0xff, 0x0, 0x0, 0xbf, 0xff,
    0xff, 0x0,

    /* U+00EB "ë" */
    0x4, 0xff, 0x10, 0xcf, 0x90, 0x4, 0xff, 0x10,
    0xcf, 0x90, 0x0, 0x33, 0x0, 0x23, 0x10, 0x0,
    0x0, 0x0, 0x0, 0x0, 0x0, 0xbf, 0xff, 0xff,
    0x0, 0x0, 0xbf, 0xff, 0xff, 0x0, 0x1f, 0xf6,
    0x33, 0x5f, 0xf2, 0x1f, 0xf4, 0x0, 0x3f, 0xf2,
    0xef, 0xff, 0xff, 0xff, 0xf2, 0xff, 0xff, 0xff,
    0xff, 0xf2, 0x3f, 0xf6, 0x33, 0x33, 0x30, 0x2f,
    0xf4, 0x0, 0x0, 0x0, 0x9, 0xd6, 0x33, 0x33,
    0x0, 0x0, 0xbf, 0xff, 0xff, 0x0, 0x0, 0xbf,
    0xff, 0xff, 0x0,

    /* U+00EC "ì" */
    0x2, 0x31, 0x0, 0x0, 0xb, 0xfa, 0x0, 0x0,
    0xb, 0xfa, 0x0, 0x0, 0x0, 0x9f, 0xc0, 0x0,
    0x0, 0x9f, 0xc0, 0x0, 0x0, 0x13, 0x20, 0x0,
    0x0, 0x0, 0x0, 0x0, 0x4f, 0xff, 0xc0, 0x0,
    0x4f, 0xff, 0xc0, 0x0, 0x3, 0xaf, 0xc0, 0x0,
    0x0, 0x9f, 0xc0, 0x0, 0x0, 0x8f, 0xb0, 0x0,
    0x0, 0x9f, 0xc0, 0x0, 0x0, 0x8f, 0xb0, 0x0,
    0x0, 0x9f, 0xc0, 0x0, 0x23, 0xaf, 0xc3, 0x30,
    0xdf, 0xff, 0xff, 0xf0, 0xdf, 0xff, 0xff, 0xf0,

    /* U+00ED "í" */
    0x0, 0x1, 0x32, 0x0, 0x0, 0x7, 0xfe, 0x0,
    0x0, 0x7, 0xfe, 0x0, 0x0, 0x9f, 0xc0, 0x0,
    0x0, 0x9f, 0xc0, 0x0, 0x0, 0x13, 0x20, 0x0,
    0x0, 0x0, 0x0, 0x0, 0x4f, 0xff, 0xc0, 0x0,
    0x4f, 0xff, 0xc0, 0x0, 0x3, 0xaf, 0xc0, 0x0,
    0x0, 0x9f, 0xc0, 0x0, 0x0, 0x8f, 0xb0, 0x0,
    0x0, 0x9f, 0xc0, 0x0, 0x0, 0x8f, 0xb0, 0x0,
    0x0, 0x9f, 0xc0, 0x0, 0x23, 0xaf, 0xc3, 0x30,
    0xdf, 0xff, 0xff, 0xf0, 0xdf, 0xff, 0xff, 0xf0,

    /* U+00EE "î" */
    0x0, 0x33, 0x30, 0x0, 0x2, 0xff, 0xf5, 0x0,
    0x2, 0xff, 0xf5, 0x0, 0x8f, 0xd0, 0x9f, 0xb0,
    0x8f, 0xd0, 0xaf, 0xc0, 0x13, 0x20, 0x13, 0x20,
    0x0, 0x0, 0x0, 0x0, 0x4f, 0xff, 0xc0, 0x0,
    0x4f, 0xff, 0xc0, 0x0, 0x3, 0xaf, 0xc0, 0x0,
    0x0, 0x9f, 0xc0, 0x0, 0x0, 0x8f, 0xb0, 0x0,
    0x0, 0x9f, 0xc0, 0x0, 0x0, 0x8f, 0xb0, 0x0,
    0x0, 0x9f, 0xc0, 0x0, 0x23, 0xaf, 0xc3, 0x30,
    0xdf, 0xff, 0xff, 0xf0, 0xdf, 0xff, 0xff, 0xf0,

    /* U+00EF "ï" */
    0xdf, 0x80, 0x5f, 0xf0, 0xdf, 0x80, 0x5f, 0xf0,
    0x23, 0x10, 0x3, 0x20, 0x0, 0x0, 0x0, 0x0,
    0x4f, 0xff, 0xc0, 0x0, 0x4f, 0xff, 0xc0, 0x0,
    0x3, 0xaf, 0xc0, 0x0, 0x0, 0x9f, 0xc0, 0x0,
    0x0, 0x8f, 0xb0, 0x0, 0x0, 0x9f, 0xc0, 0x0,
    0x0, 0x8f, 0xb0, 0x0, 0x0, 0x9f, 0xc0, 0x0,
    0x23, 0xaf, 0xc3, 0x30, 0xdf, 0xff, 0xff, 0xf0,
    0xdf, 0xff, 0xff, 0xf0,

    /* U+00F0 "ð" */
    0x0, 0x0, 0x0, 0xfb, 0x0, 0x0, 0x0, 0x1,
    0xfc, 0x0, 0x0, 0x23, 0x33, 0xe2, 0x0, 0x0,
    0xbf, 0xff, 0xf0, 0x0, 0x0, 0xbf, 0xff, 0xe0,
    0x0, 0x0, 0x0, 0xbf, 0xfb, 0x0, 0x0, 0x0,
    0xbf, 0xfb, 0x0, 0x0, 0xd, 0xe0, 0x3f, 0x90,
    0x0, 0xd, 0xe0, 0x3f, 0x90, 0x0, 0xbf, 0xff,
    0xff, 0xf2, 0x0, 0xbf, 0xff, 0xff, 0xf2, 0x1f,
    0xf6, 0x33, 0x5f, 0xf1, 0x1f, 0xf4, 0x0, 0x3f,
    0xf2, 0xef, 0xa1, 0x0, 0x2f, 0xf1, 0xff, 0x60,
    0x0, 0x3f, 0xf2, 0x3f, 0xe3, 0x0, 0x2f, 0xf1,
    0x2f, 0xf4, 0x0, 0x3f, 0xf2, 0x9, 0xd6, 0x33,
    0x5f, 0x90, 0x0, 0xbf, 0xff, 0xff, 0x0, 0x0,
    0xbf, 0xff, 0xff, 0x0,

    /* U+00F1 "ñ" */
    0x0, 0x33, 0x30, 0x1, 0x30, 0x4, 0xff, 0xf3,
    0xa, 0xf2, 0x4, 0xff, 0xf3, 0xa, 0xf2, 0xed,
    0x0, 0xff, 0xf7, 0x0, 0xfd, 0x0, 0xff, 0xf7,
    0x0, 0x22, 0x0, 0x23, 0x31, 0x0, 0x0, 0x0,
    0x0, 0x0, 0x0, 0xef, 0x2d, 0xff, 0xfb, 0x0,
    0xff, 0x2d, 0xff, 0xfc, 0x0, 0xef, 0xd5, 0x33,
    0x5f, 0xc1, 0xff, 0xf4, 0x0, 0x3f, 0xf2, 0xef,
    0xa1, 0x0, 0x2f, 0xf1, 0xff, 0x70, 0x0, 0x3f,
    0xf2, 0xef, 0x60, 0x0, 0x2f, 0xf1, 0xff, 0x70,
    0x0, 0x3f, 0xf2, 0xef, 0x60, 0x0, 0x3f, 0xf1,
    0xff, 0x60, 0x0, 0x3f, 0xf2, 0xef, 0x60, 0x0,
    0x3f, 0xf2,

    /* U+00F2 "ò" */
    0x0, 0x23, 0x10, 0x0, 0x0, 0x0, 0xbf, 0xa0,
    0x0, 0x0, 0x0, 0xbf, 0xa0, 0x0, 0x0, 0x0,
    0x9, 0xfc, 0x0, 0x0, 0x0, 0x9, 0xfc, 0x0,
    0x0, 0x0, 0x1, 0x32, 0x0, 0x0, 0x0, 0x0,
    0x0, 0x0, 0x0, 0x0, 0xbf, 0xff, 0xe0, 0x0,
    0x0, 0xbf, 0xff, 0xe0, 0x0, 0x1f, 0xf6, 0x33,
    0xff, 0x40, 0x1f, 0xf4, 0x0, 0xff, 0x40, 0xef,
    0x60, 0x0, 0x3f, 0xf2, 0xff, 0x60, 0x0, 0x3f,
    0xf2, 0x3f, 0xe3, 0x0, 0xdf, 0x60, 0x2f, 0xf4,
    0x1, 0xff, 0x50, 0x9, 0xd6, 0x33, 0xf9, 0x20,
    0x0, 0xbf, 0xff, 0xe0, 0x0, 0x0, 0xbf, 0xff,
    0xe0, 0x0,

    /* U+00F3 "ó" */
    0x0, 0x0, 0x13, 0x20, 0x0, 0x0, 0x0, 0x7f,
    0xe0, 0x0, 0x0, 0x0, 0x7f, 0xe0, 0x0, 0x0,
    0x9, 0xfc, 0x0, 0x0, 0x0, 0x9, 0xfc, 0x0,
    0x0, 0x0, 0x1, 0x32, 0x0, 0x0, 0x0, 0x0,
    0x0, 0x0, 0x0, 0x0, 0xbf, 0xff, 0xe0, 0x0,
    0x0, 0xbf, 0xff, 0xe0, 0x0, 0x1f, 0xf6, 0x33,
    0xff, 0x40, 0x1f, 0xf4, 0x0, 0xff, 0x40, 0xef,
    0x60, 0x0, 0x3f, 0xf2, 0xff, 0x60, 0x0, 0x3f,
    0xf2, 0x3f, 0xe3, 0x0, 0xdf, 0x60, 0x2f, 0xf4,
    0x1, 0xff, 0x50, 0x9, 0xd6, 0x33, 0xf9, 0x20,
    0x0, 0xbf, 0xff, 0xe0, 0x0, 0x0, 0xbf, 0xff,
    0xe0, 0x0,

    /* U+00F4 "ô" */
    0x0, 0x3, 0x33, 0x0, 0x0, 0x0, 0x2f, 0xff,
    0x50, 0x0, 0x0, 0x2f, 0xff, 0x50, 0x0, 0x8,
    0xfd, 0x9, 0xfb, 0x0, 0x8, 0xfd, 0xa, 0xfc,
    0x0, 0x1, 0x32, 0x1, 0x32, 0x0, 0x0, 0x0,
    0x0, 0x0, 0x0, 0x0, 0xbf, 0xff, 0xe0, 0x0,
    0x0, 0xbf, 0xff, 0xe0, 0x0, 0x1f, 0xf6, 0x33,
    0xff, 0x40, 0x1f, 0xf4, 0x0, 0xff, 0x40, 0xef,
    0x60, 0x0, 0x3f, 0xf2, 0xff, 0x60, 0x0, 0x3f,
    0xf2, 0x3f, 0xe3, 0x0, 0xdf, 0x60, 0x2f, 0xf4,
    0x1, 0xff, 0x50, 0x9, 0xd6, 0x33, 0xf9, 0x20,
    0x0, 0xbf, 0xff, 0xe0, 0x0, 0x0, 0xbf, 0xff,
    0xe0, 0x0,

    /* U+00F5 "õ" */
    0x0, 0x33, 0x30, 0x1, 0x30, 0x4, 0xff, 0xf3,
    0xa, 0xf2, 0x4, 0xff, 0xf3, 0xa, 0xf2, 0xed,
    0x0, 0xff, 0xf7, 0x0, 0xfd, 0x0, 0xff, 0xf7,
    0x0, 0x22, 0x0, 0x23, 0x31, 0x0, 0x0, 0x0,
    0x0, 0x0, 0x0, 0x0, 0xbf, 0xff, 0xe0, 0x0,
    0x0, 0xbf, 0xff, 0xe0, 0x0, 0x1f, 0xf6, 0x33,
    0xff, 0x40, 0x1f, 0xf4, 0x0, 0xff, 0x40, 0xef,
    0x60, 0x0, 0x3f, 0xf2, 0xff, 0x60, 0x0, 0x3f,
    0xf2, 0x3f, 0xe3, 0x0, 0xdf, 0x60, 0x2f, 0xf4,
    0x1, 0xff, 0x50, 0x9, 0xd6, 0x33, 0xf9, 0x20,
    0x0, 0xbf, 0xff, 0xe0, 0x0, 0x0, 0xbf, 0xff,
    0xe0, 0x0,

    /* U+00F6 "ö" */
    0xd, 0xf8, 0x5, 0xff, 0x0, 0xd, 0xf8, 0x5,
    0xff, 0x0, 0x2, 0x31, 0x0, 0x32, 0x0, 0x0,
    0x0, 0x0, 0x0, 0x0, 0x0, 0xbf, 0xff, 0xe0,
    0x0, 0x0, 0xbf, 0xff, 0xe0, 0x0, 0x1f, 0xf6,
    0x33, 0xff, 0x40, 0x1f, 0xf4, 0x0, 0xff, 0x40,
    0xef, 0x60, 0x0, 0x3f, 0xf2, 0xff, 0x60, 0x0,
    0x3f, 0xf2, 0x3f, 0xe3, 0x0, 0xdf, 0x60, 0x2f,
    0xf4, 0x1, 0xff, 0x50, 0x9, 0xd6, 0x33, 0xf9,
    0x20, 0x0, 0xbf, 0xff, 0xe0, 0x0, 0x0, 0xbf,
    0xff, 0xe0, 0x0,

    /* U+00F7 "÷" */
    0x0, 0x9f, 0xc0, 0x0, 0x0, 0x9f, 0xc0, 0x0,
    0x0, 0x8f, 0xc0, 0x0, 0x0, 0x9f, 0xc0, 0x0,
    0x0, 0x36, 0x40, 0x0, 0x0, 0x0, 0x0, 0x0,
    0xdf, 0xff, 0xff, 0xf0, 0xdf, 0xff, 0xff, 0xf0,
    0x23, 0x33, 0x33, 0x30, 0x0, 0x0, 0x0, 0x0,
    0x0, 0x36, 0x40, 0x0, 0x0, 0x9f, 0xc0, 0x0,
    0x0, 0x8f, 0xc0, 0x0, 0x0, 0x9f, 0xc0, 0x0,
    0x0, 0x9f, 0xc0, 0x0,

    /* U+00F8 "ø" */
    0x0, 0x0, 0x0, 0x23, 0x10, 0x0, 0x0, 0x0,
    0xcf, 0x90, 0x0, 0x0, 0x0, 0xcf, 0x90, 0x0,
    0xbf, 0xff, 0xf7, 0x0, 0x0, 0xbf, 0xff, 0xf7,
    0x0, 0x1f, 0xf6, 0x3b, 0xff, 0x40, 0x1f, 0xf4,
    0x9, 0xff, 0x40, 0xef, 0x64, 0xf7, 0x3f, 0xf2,
    0xff, 0x65, 0xf8, 0x3f, 0xf2, 0x3f, 0xeb, 0x31,
    0xdf, 0x60, 0x2f, 0xfd, 0x1, 0xff, 0x50, 0xa,
    0xfd, 0x33, 0xf9, 0x20, 0x4, 0xff, 0xff, 0xe0,
    0x0, 0x4, 0xff, 0xff, 0xe0, 0x0, 0x5f, 0xf0,
    0x0, 0x0, 0x0, 0x6f, 0xf0, 0x0, 0x0, 0x0,
    0x13, 0x30, 0x0, 0x0, 0x0,

    /* U+00F9 "ù" */
    0x0, 0x23, 0x10, 0x0, 0x0, 0x0, 0xbf, 0xa0,
    0x0, 0x0, 0x0, 0xbf, 0xa0, 0x0, 0x0, 0x0,
    0x9, 0xfc, 0x0, 0x0, 0x0, 0x9, 0xfc, 0x0,
    0x0, 0x0, 0x1, 0x32, 0x0, 0x0, 0x0, 0x0,
    0x0, 0x0, 0x0, 0xef, 0x60, 0x0, 0x3f, 0xf2,
    0xff, 0x60, 0x0, 0x3f, 0xf2, 0xef, 0x60, 0x0,
    0x3f, 0xf1, 0xff, 0x70, 0x0, 0x3f, 0xf2, 0xef,
    0x60, 0x0, 0x2f, 0xf1, 0xff, 0x70, 0x0, 0x3f,
    0xf2, 0xef, 0xa1, 0x0, 0x8f, 0xf1, 0xff, 0xf4,
    0x1, 0xff, 0xf2, 0xbe, 0xf6, 0x33, 0xdf, 0xf1,
    0x8, 0xff, 0xff, 0x4f, 0xf2, 0x8, 0xff, 0xff,
    0x4f, 0xf2,

    /* U+00FA "ú" */
    0x0, 0x0, 0x13, 0x20, 0x0, 0x0, 0x0, 0x7f,
    0xe0, 0x0, 0x0, 0x0, 0x7f, 0xe0, 0x0, 0x0,
    0x9, 0xfc, 0x0, 0x0, 0x0, 0x9, 0xfc, 0x0,
    0x0, 0x0, 0x1, 0x32, 0x0, 0x0, 0x0, 0x0,
    0x0, 0x0, 0x0, 0xef, 0x60, 0x0, 0x3f, 0xf2,
    0xff, 0x60, 0x0, 0x3f, 0xf2, 0xef, 0x60, 0x0,
    0x3f, 0xf1, 0xff, 0x70, 0x0, 0x3f, 0xf2, 0xef,
    0x60, 0x0, 0x2f, 0xf1, 0xff, 0x70, 0x0, 0x3f,
    0xf2, 0xef, 0xa1, 0x0, 0x8f, 0xf1, 0xff, 0xf4,
    0x1, 0xff, 0xf2, 0xbe, 0xf6, 0x33, 0xdf, 0xf1,
    0x8, 0xff, 0xff, 0x4f, 0xf2, 0x8, 0xff, 0xff,
    0x4f, 0xf2,

    /* U+00FB "û" */
    0x0, 0x3, 0x33, 0x0, 0x0, 0x0, 0x2f, 0xff,
    0x50, 0x0, 0x0, 0x2f, 0xff, 0x50, 0x0, 0x8,
    0xfd, 0x9, 0xfb, 0x0, 0x8, 0xfd, 0xa, 0xfc,
    0x0, 0x1, 0x32, 0x1, 0x32, 0x0, 0x0, 0x0,
    0x0, 0x0, 0x0, 0xef, 0x60, 0x0, 0x3f, 0xf2,
    0xff, 0x60, 0x0, 0x3f, 0xf2, 0xef, 0x60, 0x0,
    0x3f, 0xf1, 0xff, 0x70, 0x0, 0x3f, 0xf2, 0xef,
    0x60, 0x0, 0x2f, 0xf1, 0xff, 0x70, 0x0, 0x3f,
    0xf2, 0xef, 0xa1, 0x0, 0x8f, 0xf1, 0xff, 0xf4,
    0x1, 0xff, 0xf2, 0xbe, 0xf6, 0x33, 0xdf, 0xf1,
    0x8, 0xff, 0xff, 0x4f, 0xf2, 0x8, 0xff, 0xff,
    0x4f, 0xf2,

    /* U+00FC "ü" */
    0xd, 0xf8, 0x5, 0xff, 0x0, 0xd, 0xf8, 0x5,
    0xff, 0x0, 0x2, 0x31, 0x0, 0x32, 0x0, 0x0,
    0x0, 0x0, 0x0, 0x0, 0xef, 0x60, 0x0, 0x3f,
    0xf2, 0xff, 0x60, 0x0, 0x3f, 0xf2, 0xef, 0x60,
    0x0, 0x3f, 0xf1, 0xff, 0x70, 0x0, 0x3f, 0xf2,
    0xef, 0x60, 0x0, 0x2f, 0xf1, 0xff, 0x70, 0x0,
    0x3f, 0xf2, 0xef, 0xa1, 0x0, 0x8f, 0xf1, 0xff,
    0xf4, 0x1, 0xff, 0xf2, 0xbe, 0xf6, 0x33, 0xdf,
    0xf1, 0x8, 0xff, 0xff, 0x4f, 0xf2, 0x8, 0xff,
    0xff, 0x4f, 0xf2,

    /* U+00FD "ý" */
    0x0, 0x0, 0x7, 0xfe, 0x0, 0x0, 0x0, 0x0,
    0x8f, 0xe0, 0x0, 0x0, 0x0, 0x7, 0xd2, 0x0,
    0x0, 0x0, 0x9, 0xfd, 0x0, 0x0, 0x0, 0x0,
    0x9f, 0xc0, 0x0, 0x0, 0x0, 0x1, 0x32, 0x0,
    0x0, 0x0, 0x0, 0x0, 0x0, 0x0, 0x3, 0xff,
    0x20, 0x0, 0x3f, 0xf2, 0x3f, 0xf2, 0x0, 0x3,
    0xff, 0x20, 0x7f, 0xf0, 0x0, 0xff, 0x60, 0x6,
    0xff, 0x0, 0x1f, 0xf5, 0x0, 0x2b, 0xf7, 0x8,
    0xfa, 0x10, 0x0, 0x9f, 0xd0, 0xef, 0x70, 0x0,
    0x4, 0xfc, 0x3e, 0xe3, 0x0, 0x0, 0xf, 0xd7,
    0xfe, 0x0, 0x0, 0x0, 0x9c, 0xaf, 0x80, 0x0,
    0x0, 0x0, 0xef, 0xf1, 0x0, 0x0, 0x0, 0xd,
    0xff, 0x0, 0x0, 0x0, 0x0, 0xdf, 0x70, 0x0,
    0x0, 0x3, 0x3e, 0xd6, 0x0, 0x0, 0x1, 0xff,
    0xf6, 0x0, 0x0, 0x0, 0x1f, 0xff, 0x50, 0x0,
    0x0,

    /* U+00FE "þ" */
    0xef, 0x60, 0x0, 0x0, 0x0, 0xef, 0x60, 0x0,
    0x0, 0x0, 0xef, 0x60, 0x0, 0x0, 0x0, 0xef,
    0x60, 0x0, 0x0, 0x0, 0xef, 0xff, 0xff, 0xe0,
    0x0, 0xff, 0xff, 0xff, 0xe0, 0x0, 0xef, 0x83,
    0x37, 0xff, 0x0, 0xef, 0x60, 0x5, 0xff, 0x0,
    0xef, 0x60, 0x0, 0x3f, 0xf2, 0xff, 0x60, 0x0,
    0x3f, 0xf2, 0xef, 0x60, 0x4, 0xdf, 0x30, 0xff,
    0x70, 0x5, 0xff, 0x0, 0xef, 0x83, 0x37, 0xf9,
    0x0, 0xff, 0xff, 0xff, 0xe0, 0x0, 0xef, 0xff,
    0xff, 0xe0, 0x0, 0xef, 0x60, 0x0, 0x0, 0x0,
    0xef, 0x60, 0x0, 0x0, 0x0, 0xef, 0x60, 0x0,
    0x0, 0x0, 0xef, 0x60, 0x0, 0x0, 0x0,

    /* U+00FF "ÿ" */
    0x0, 0xdf, 0x80, 0x5f, 0xf0, 0x0, 0xd, 0xf8,
    0x5, 0xff, 0x0, 0x0, 0x23, 0x10, 0x3, 0x20,
    0x0, 0x0, 0x0, 0x0, 0x0, 0x0, 0x3f, 0xf2,
    0x0, 0x3, 0xff, 0x23, 0xff, 0x20, 0x0, 0x3f,
    0xf2, 0x7, 0xff, 0x0, 0xf, 0xf6, 0x0, 0x6f,
    0xf0, 0x1, 0xff, 0x50, 0x2, 0xbf, 0x70, 0x8f,
    0xa1, 0x0, 0x9, 0xfd, 0xe, 0xf7, 0x0, 0x0,
    0x4f, 0xc3, 0xee, 0x30, 0x0, 0x0, 0xfd, 0x7f,
    0xe0, 0x0, 0x0, 0x9, 0xca, 0xf8, 0x0, 0x0,
    0x0, 0xe, 0xff, 0x10, 0x0, 0x0, 0x0, 0xdf,
    0xf0, 0x0, 0x0, 0x0, 0xd, 0xf7, 0x0, 0x0,
    0x0, 0x33, 0xed, 0x60, 0x0, 0x0, 0x1f, 0xff,
    0x60, 0x0, 0x0, 0x1, 0xff, 0xf5, 0x0, 0x0,
    0x0,

    /* U+2022 "•" */
    0x46, 0x66, 0x5b, 0xff, 0xfe, 0xaf, 0xff, 0xeb,
    0xff, 0xfe, 0xbf, 0xff, 0xe0
};


/*---------------------
 *  GLYPH DESCRIPTION
 *--------------------*/

static const lv_font_fmt_txt_glyph_dsc_t glyph_dsc[] = {
    {.bitmap_index = 0, .adv_w = 0, .box_w = 0, .box_h = 0, .ofs_x = 0, .ofs_y = 0} /* id = 0 reserved */,
    {.bitmap_index = 0, .adv_w = 179, .box_w = 0, .box_h = 0, .ofs_x = 0, .ofs_y = 0},
    {.bitmap_index = 0, .adv_w = 179, .box_w = 3, .box_h = 15, .ofs_x = 4, .ofs_y = 0},
    {.bitmap_index = 23, .adv_w = 179, .box_w = 8, .box_h = 5, .ofs_x = 2, .ofs_y = 13},
    {.bitmap_index = 43, .adv_w = 179, .box_w = 10, .box_h = 13, .ofs_x = 1, .ofs_y = 2},
    {.bitmap_index = 108, .adv_w = 179, .box_w = 10, .box_h = 20, .ofs_x = 1, .ofs_y = -2},
    {.bitmap_index = 208, .adv_w = 179, .box_w = 10, .box_h = 15, .ofs_x = 1, .ofs_y = 0},
    {.bitmap_index = 283, .adv_w = 179, .box_w = 10, .box_h = 15, .ofs_x = 1, .ofs_y = 0},
    {.bitmap_index = 358, .adv_w = 179, .box_w = 3, .box_h = 5, .ofs_x = 4, .ofs_y = 13},
    {.bitmap_index = 366, .adv_w = 179, .box_w = 6, .box_h = 21, .ofs_x = 3, .ofs_y = -3},
    {.bitmap_index = 429, .adv_w = 179, .box_w = 5, .box_h = 21, .ofs_x = 3, .ofs_y = -3},
    {.bitmap_index = 482, .adv_w = 179, .box_w = 9, .box_h = 11, .ofs_x = 1, .ofs_y = 2},
    {.bitmap_index = 532, .adv_w = 179, .box_w = 9, .box_h = 11, .ofs_x = 1, .ofs_y = 2},
    {.bitmap_index = 582, .adv_w = 179, .box_w = 4, .box_h = 9, .ofs_x = 4, .ofs_y = -4},
    {.bitmap_index = 600, .adv_w = 179, .box_w = 7, .box_h = 3, .ofs_x = 2, .ofs_y = 7},
    {.bitmap_index = 611, .adv_w = 179, .box_w = 4, .box_h = 5, .ofs_x = 4, .ofs_y = 0},
    {.bitmap_index = 621, .adv_w = 179, .box_w = 10, .box_h = 21, .ofs_x = 1, .ofs_y = -3},
    {.bitmap_index = 726, .adv_w = 179, .box_w = 9, .box_h = 15, .ofs_x = 1, .ofs_y = 0},
    {.bitmap_index = 794, .adv_w = 179, .box_w = 8, .box_h = 15, .ofs_x = 2, .ofs_y = 0},
    {.bitmap_index = 854, .adv_w = 179, .box_w = 9, .box_h = 15, .ofs_x = 1, .ofs_y = 0},
    {.bitmap_index = 922, .adv_w = 179, .box_w = 9, .box_h = 15, .ofs_x = 1, .ofs_y = 0},
    {.bitmap_index = 990, .adv_w = 179, .box_w = 10, .box_h = 15, .ofs_x = 1, .ofs_y = 0},
    {.bitmap_index = 1065, .adv_w = 179, .box_w = 10, .box_h = 15, .ofs_x = 1, .ofs_y = 0},
    {.bitmap_index = 1140, .adv_w = 179, .box_w = 9, .box_h = 15, .ofs_x = 1, .ofs_y = 0},
    {.bitmap_index = 1208, .adv_w = 179, .box_w = 9, .box_h = 15, .ofs_x = 1, .ofs_y = 0},
    {.bitmap_index = 1276, .adv_w = 179, .box_w = 9, .box_h = 15, .ofs_x = 1, .ofs_y = 0},
    {.bitmap_index = 1344, .adv_w = 179, .box_w = 9, .box_h = 15, .ofs_x = 1, .ofs_y = 0},
    {.bitmap_index = 1412, .adv_w = 179, .box_w = 4, .box_h = 13, .ofs_x = 4, .ofs_y = 0},
    {.bitmap_index = 1438, .adv_w = 179, .box_w = 4, .box_h = 18, .ofs_x = 4, .ofs_y = -4},
    {.bitmap_index = 1474, .adv_w = 179, .box_w = 7, .box_h = 15, .ofs_x = 2, .ofs_y = 0},
    {.bitmap_index = 1527, .adv_w = 179, .box_w = 8, .box_h = 7, .ofs_x = 2, .ofs_y = 4},
    {.bitmap_index = 1555, .adv_w = 179, .box_w = 7, .box_h = 15, .ofs_x = 2, .ofs_y = 0},
    {.bitmap_index = 1608, .adv_w = 179, .box_w = 9, .box_h = 15, .ofs_x = 1, .ofs_y = 0},
    {.bitmap_index = 1676, .adv_w = 179, .box_w = 10, .box_h = 18, .ofs_x = 1, .ofs_y = 0},
    {.bitmap_index = 1766, .adv_w = 179, .box_w = 10, .box_h = 15, .ofs_x = 1, .ofs_y = 0},
    {.bitmap_index = 1841, .adv_w = 179, .box_w = 10, .box_h = 15, .ofs_x = 1, .ofs_y = 0},
    {.bitmap_index = 1916, .adv_w = 179, .box_w = 10, .box_h = 15, .ofs_x = 1, .ofs_y = 0},
    {.bitmap_index = 1991, .adv_w = 179, .box_w = 10, .box_h = 15, .ofs_x = 1, .ofs_y = 0},
    {.bitmap_index = 2066, .adv_w = 179, .box_w = 8, .box_h = 15, .ofs_x = 2, .ofs_y = 0},
    {.bitmap_index = 2126, .adv_w = 179, .box_w = 8, .box_h = 15, .ofs_x = 2, .ofs_y = 0},
    {.bitmap_index = 2186, .adv_w = 179, .box_w = 10, .box_h = 15, .ofs_x = 1, .ofs_y = 0},
    {.bitmap_index = 2261, .adv_w = 179, .box_w = 10, .box_h = 15, .ofs_x = 1, .ofs_y = 0},
    {.bitmap_index = 2336, .adv_w = 179, .box_w = 7, .box_h = 15, .ofs_x = 2, .ofs_y = 0},
    {.bitmap_index = 2389, .adv_w = 179, .box_w = 9, .box_h = 15, .ofs_x = 1, .ofs_y = 0},
    {.bitmap_index = 2457, .adv_w = 179, .box_w = 10, .box_h = 15, .ofs_x = 1, .ofs_y = 0},
    {.bitmap_index = 2532, .adv_w = 179, .box_w = 9, .box_h = 15, .ofs_x = 2, .ofs_y = 0},
    {.bitmap_index = 2600, .adv_w = 179, .box_w = 10, .box_h = 15, .ofs_x = 1, .ofs_y = 0},
    {.bitmap_index = 2675, .adv_w = 179, .box_w = 10, .box_h = 15, .ofs_x = 1, .ofs_y = 0},
    {.bitmap_index = 2750, .adv_w = 179, .box_w = 10, .box_h = 15, .ofs_x = 1, .ofs_y = 0},
    {.bitmap_index = 2825, .adv_w = 179, .box_w = 10, .box_h = 15, .ofs_x = 1, .ofs_y = 0},
    {.bitmap_index = 2900, .adv_w = 179, .box_w = 10, .box_h = 19, .ofs_x = 1, .ofs_y = -4},
    {.bitmap_index = 2995, .adv_w = 179, .box_w = 10, .box_h = 15, .ofs_x = 1, .ofs_y = 0},
    {.bitmap_index = 3070, .adv_w = 179, .box_w = 10, .box_h = 15, .ofs_x = 1, .ofs_y = 0},
    {.bitmap_index = 3145, .adv_w = 179, .box_w = 10, .box_h = 15, .ofs_x = 1, .ofs_y = 0},
    {.bitmap_index = 3220, .adv_w = 179, .box_w = 10, .box_h = 15, .ofs_x = 1, .ofs_y = 0},
    {.bitmap_index = 3295, .adv_w = 179, .box_w = 10, .box_h = 15, .ofs_x = 1, .ofs_y = 0},
    {.bitmap_index = 3370, .adv_w = 179, .box_w = 10, .box_h = 15, .ofs_x = 1, .ofs_y = 0},
    {.bitmap_index = 3445, .adv_w = 179, .box_w = 10, .box_h = 15, .ofs_x = 1, .ofs_y = 0},
    {.bitmap_index = 3520, .adv_w = 179, .box_w = 10, .box_h = 15, .ofs_x = 1, .ofs_y = 0},
    {.bitmap_index = 3595, .adv_w = 179, .box_w = 9, .box_h = 15, .ofs_x = 1, .ofs_y = 0},
    {.bitmap_index = 3663, .adv_w = 179, .box_w = 5, .box_h = 20, .ofs_x = 3, .ofs_y = -2},
    {.bitmap_index = 3713, .adv_w = 179, .box_w = 10, .box_h = 21, .ofs_x = 1, .ofs_y = -3},
    {.bitmap_index = 3818, .adv_w = 179, .box_w = 5, .box_h = 20, .ofs_x = 3, .ofs_y = -2},
    {.bitmap_index = 3868, .adv_w = 179, .box_w = 10, .box_h = 9, .ofs_x = 1, .ofs_y = 7},
    {.bitmap_index = 3913, .adv_w = 179, .box_w = 10, .box_h = 3, .ofs_x = 1, .ofs_y = 0},
    {.bitmap_index = 3928, .adv_w = 179, .box_w = 4, .box_h = 5, .ofs_x = 3, .ofs_y = 13},
    {.bitmap_index = 3938, .adv_w = 179, .box_w = 10, .box_h = 11, .ofs_x = 1, .ofs_y = 0},
    {.bitmap_index = 3993, .adv_w = 179, .box_w = 10, .box_h = 15, .ofs_x = 1, .ofs_y = 0},
    {.bitmap_index = 4068, .adv_w = 179, .box_w = 10, .box_h = 11, .ofs_x = 1, .ofs_y = 0},
    {.bitmap_index = 4123, .adv_w = 179, .box_w = 10, .box_h = 15, .ofs_x = 1, .ofs_y = 0},
    {.bitmap_index = 4198, .adv_w = 179, .box_w = 10, .box_h = 11, .ofs_x = 1, .ofs_y = 0},
    {.bitmap_index = 4253, .adv_w = 179, .box_w = 8, .box_h = 15, .ofs_x = 2, .ofs_y = 0},
    {.bitmap_index = 4313, .adv_w = 179, .box_w = 10, .box_h = 15, .ofs_x = 1, .ofs_y = -4},
    {.bitmap_index = 4388, .adv_w = 179, .box_w = 10, .box_h = 15, .ofs_x = 1, .ofs_y = 0},
    {.bitmap_index = 4463, .adv_w = 179, .box_w = 8, .box_h = 15, .ofs_x = 2, .ofs_y = 0},
    {.bitmap_index = 4523, .adv_w = 179, .box_w = 6, .box_h = 19, .ofs_x = 2, .ofs_y = -4},
    {.bitmap_index = 4580, .adv_w = 179, .box_w = 10, .box_h = 15, .ofs_x = 1, .ofs_y = 0},
    {.bitmap_index = 4655, .adv_w = 179, .box_w = 8, .box_h = 15, .ofs_x = 2, .ofs_y = 0},
    {.bitmap_index = 4715, .adv_w = 179, .box_w = 10, .box_h = 11, .ofs_x = 1, .ofs_y = 0},
    {.bitmap_index = 4770, .adv_w = 179, .box_w = 10, .box_h = 11, .ofs_x = 1, .ofs_y = 0},
    {.bitmap_index = 4825, .adv_w = 179, .box_w = 10, .box_h = 11, .ofs_x = 1, .ofs_y = 0},
    {.bitmap_index = 4880, .adv_w = 179, .box_w = 10, .box_h = 15, .ofs_x = 1, .ofs_y = -4},
    {.bitmap_index = 4955, .adv_w = 179, .box_w = 10, .box_h = 15, .ofs_x = 1, .ofs_y = -4},
    {.bitmap_index = 5030, .adv_w = 179, .box_w = 10, .box_h = 11, .ofs_x = 1, .ofs_y = 0},
    {.bitmap_index = 5085, .adv_w = 179, .box_w = 9, .box_h = 11, .ofs_x = 1, .ofs_y = 0},
    {.bitmap_index = 5135, .adv_w = 179, .box_w = 9, .box_h = 15, .ofs_x = 1, .ofs_y = 0},
    {.bitmap_index = 5203, .adv_w = 179, .box_w = 10, .box_h = 11, .ofs_x = 1, .ofs_y = 0},
    {.bitmap_index = 5258, .adv_w = 179, .box_w = 10, .box_h = 11, .ofs_x = 1, .ofs_y = 0},
    {.bitmap_index = 5313, .adv_w = 179, .box_w = 10, .box_h = 11, .ofs_x = 1, .ofs_y = 0},
    {.bitmap_index = 5368, .adv_w = 179, .box_w = 9, .box_h = 11, .ofs_x = 1, .ofs_y = 0},
    {.bitmap_index = 5418, .adv_w = 179, .box_w = 11, .box_h = 15, .ofs_x = 0, .ofs_y = -4},
    {.bitmap_index = 5501, .adv_w = 179, .box_w = 9, .box_h = 11, .ofs_x = 1, .ofs_y = 0},
    {.bitmap_index = 5551, .adv_w = 179, .box_w = 8, .box_h = 21, .ofs_x = 2, .ofs_y = -3},
    {.bitmap_index = 5635, .adv_w = 179, .box_w = 3, .box_h = 20, .ofs_x = 4, .ofs_y = -2},
    {.bitmap_index = 5665, .adv_w = 179, .box_w = 8, .box_h = 21, .ofs_x = 2, .ofs_y = -3},
    {.bitmap_index = 5749, .adv_w = 179, .box_w = 10, .box_h = 9, .ofs_x = 1, .ofs_y = 4},
    {.bitmap_index = 5794, .adv_w = 179, .box_w = 0, .box_h = 0, .ofs_x = 0, .ofs_y = 0},
    {.bitmap_index = 5794, .adv_w = 179, .box_w = 3, .box_h = 16, .ofs_x = 4, .ofs_y = -2},
    {.bitmap_index = 5818, .adv_w = 179, .box_w = 10, .box_h = 21, .ofs_x = 1, .ofs_y = -3},
    {.bitmap_index = 5923, .adv_w = 179, .box_w = 10, .box_h = 15, .ofs_x = 1, .ofs_y = 0},
    {.bitmap_index = 5998, .adv_w = 179, .box_w = 10, .box_h = 11, .ofs_x = 1, .ofs_y = 0},
    {.bitmap_index = 6053, .adv_w = 179, .box_w = 10, .box_h = 15, .ofs_x = 1, .ofs_y = 0},
    {.bitmap_index = 6128, .adv_w = 179, .box_w = 3, .box_h = 20, .ofs_x = 4, .ofs_y = -2},
    {.bitmap_index = 6158, .adv_w = 179, .box_w = 9, .box_h = 18, .ofs_x = 1, .ofs_y = -3},
    {.bitmap_index = 6239, .adv_w = 179, .box_w = 8, .box_h = 3, .ofs_x = 2, .ofs_y = 13},
    {.bitmap_index = 6251, .adv_w = 179, .box_w = 10, .box_h = 20, .ofs_x = 1, .ofs_y = -2},
    {.bitmap_index = 6351, .adv_w = 179, .box_w = 7, .box_h = 16, .ofs_x = 2, .ofs_y = 0},
    {.bitmap_index = 6407, .adv_w = 179, .box_w = 10, .box_h = 11, .ofs_x = 1, .ofs_y = 0},
    {.bitmap_index = 6462, .adv_w = 179, .box_w = 10, .box_h = 8, .ofs_x = 1, .ofs_y = 2},
    {.bitmap_index = 6502, .adv_w = 179, .box_w = 7, .box_h = 3, .ofs_x = 2, .ofs_y = 7},
    {.bitmap_index = 6513, .adv_w = 179, .box_w = 10, .box_h = 20, .ofs_x = 1, .ofs_y = -2},
    {.bitmap_index = 6613, .adv_w = 179, .box_w = 8, .box_h = 3, .ofs_x = 2, .ofs_y = 13},
    {.bitmap_index = 6625, .adv_w = 179, .box_w = 7, .box_h = 9, .ofs_x = 2, .ofs_y = 9},
    {.bitmap_index = 6657, .adv_w = 179, .box_w = 9, .box_h = 15, .ofs_x = 1, .ofs_y = 0},
    {.bitmap_index = 6725, .adv_w = 179, .box_w = 5, .box_h = 11, .ofs_x = 3, .ofs_y = 7},
    {.bitmap_index = 6753, .adv_w = 179, .box_w = 5, .box_h = 11, .ofs_x = 3, .ofs_y = 7},
    {.bitmap_index = 6781, .adv_w = 179, .box_w = 4, .box_h = 5, .ofs_x = 4, .ofs_y = 13},
    {.bitmap_index = 6791, .adv_w = 179, .box_w = 12, .box_h = 15, .ofs_x = -1, .ofs_y = -4},
    {.bitmap_index = 6881, .adv_w = 179, .box_w = 10, .box_h = 21, .ofs_x = 1, .ofs_y = -3},
    {.bitmap_index = 6986, .adv_w = 179, .box_w = 4, .box_h = 5, .ofs_x = 4, .ofs_y = 4},
    {.bitmap_index = 6996, .adv_w = 179, .box_w = 4, .box_h = 5, .ofs_x = 4, .ofs_y = -4},
    {.bitmap_index = 7006, .adv_w = 179, .box_w = 4, .box_h = 11, .ofs_x = 3, .ofs_y = 7},
    {.bitmap_index = 7028, .adv_w = 179, .box_w = 7, .box_h = 16, .ofs_x = 2, .ofs_y = 0},
    {.bitmap_index = 7084, .adv_w = 179, .box_w = 10, .box_h = 11, .ofs_x = 1, .ofs_y = 0},
    {.bitmap_index = 7139, .adv_w = 179, .box_w = 11, .box_h = 20, .ofs_x = 0, .ofs_y = -2},
    {.bitmap_index = 7249, .adv_w = 179, .box_w = 11, .box_h = 18, .ofs_x = 0, .ofs_y = 0},
    {.bitmap_index = 7348, .adv_w = 179, .box_w = 10, .box_h = 20, .ofs_x = 1, .ofs_y = -2},
    {.bitmap_index = 7448, .adv_w = 179, .box_w = 9, .box_h = 17, .ofs_x = 1, .ofs_y = -3},
    {.bitmap_index = 7525, .adv_w = 179, .box_w = 10, .box_h = 22, .ofs_x = 1, .ofs_y = 0},
    {.bitmap_index = 7635, .adv_w = 179, .box_w = 10, .box_h = 22, .ofs_x = 1, .ofs_y = 0},
    {.bitmap_index = 7745, .adv_w = 179, .box_w = 10, .box_h = 22, .ofs_x = 1, .ofs_y = 0},
    {.bitmap_index = 7855, .adv_w = 179, .box_w = 10, .box_h = 22, .ofs_x = 1, .ofs_y = 0},
    {.bitmap_index = 7965, .adv_w = 179, .box_w = 10, .box_h = 20, .ofs_x = 1, .ofs_y = 0},
    {.bitmap_index = 8065, .adv_w = 179, .box_w = 10, .box_h = 25, .ofs_x = 1, .ofs_y = 0},
    {.bitmap_index = 8190, .adv_w = 179, .box_w = 10, .box_h = 15, .ofs_x = 1, .ofs_y = 0},
    {.bitmap_index = 8265, .adv_w = 179, .box_w = 10, .box_h = 19, .ofs_x = 1, .ofs_y = -4},
    {.bitmap_index = 8360, .adv_w = 179, .box_w = 8, .box_h = 22, .ofs_x = 2, .ofs_y = 0},
    {.bitmap_index = 8448, .adv_w = 179, .box_w = 8, .box_h = 22, .ofs_x = 2, .ofs_y = 0},
    {.bitmap_index = 8536, .adv_w = 179, .box_w = 8, .box_h = 22, .ofs_x = 2, .ofs_y = 0},
    {.bitmap_index = 8624, .adv_w = 179, .box_w = 8, .box_h = 20, .ofs_x = 2, .ofs_y = 0},
    {.bitmap_index = 8704, .adv_w = 179, .box_w = 7, .box_h = 22, .ofs_x = 2, .ofs_y = 0},
    {.bitmap_index = 8781, .adv_w = 179, .box_w = 7, .box_h = 22, .ofs_x = 2, .ofs_y = 0},
    {.bitmap_index = 8858, .adv_w = 179, .box_w = 7, .box_h = 22, .ofs_x = 2, .ofs_y = 0},
    {.bitmap_index = 8935, .adv_w = 179, .box_w = 8, .box_h = 20, .ofs_x = 2, .ofs_y = 0},
    {.bitmap_index = 9015, .adv_w = 179, .box_w = 10, .box_h = 15, .ofs_x = 1, .ofs_y = 0},
    {.bitmap_index = 9090, .adv_w = 179, .box_w = 10, .box_h = 22, .ofs_x = 1, .ofs_y = 0},
    {.bitmap_index = 9200, .adv_w = 179, .box_w = 10, .box_h = 22, .ofs_x = 1, .ofs_y = 0},
    {.bitmap_index = 9310, .adv_w = 179, .box_w = 10, .box_h = 22, .ofs_x = 1, .ofs_y = 0},
    {.bitmap_index = 9420, .adv_w = 179, .box_w = 10, .box_h = 22, .ofs_x = 1, .ofs_y = 0},
    {.bitmap_index = 9530, .adv_w = 179, .box_w = 10, .box_h = 22, .ofs_x = 1, .ofs_y = 0},
    {.bitmap_index = 9640, .adv_w = 179, .box_w = 10, .box_h = 20, .ofs_x = 1, .ofs_y = 0},
    {.bitmap_index = 9740, .adv_w = 179, .box_w = 8, .box_h = 13, .ofs_x = 2, .ofs_y = 2},
    {.bitmap_index = 9792, .adv_w = 179, .box_w = 10, .box_h = 21, .ofs_x = 1, .ofs_y = -3},
    {.bitmap_index = 9897, .adv_w = 179, .box_w = 10, .box_h = 22, .ofs_x = 1, .ofs_y = 0},
    {.bitmap_index = 10007, .adv_w = 179, .box_w = 10, .box_h = 22, .ofs_x = 1, .ofs_y = 0},
    {.bitmap_index = 10117, .adv_w = 179, .box_w = 10, .box_h = 22, .ofs_x = 1, .ofs_y = 0},
    {.bitmap_index = 10227, .adv_w = 179, .box_w = 10, .box_h = 20, .ofs_x = 1, .ofs_y = 0},
    {.bitmap_index = 10327, .adv_w = 179, .box_w = 10, .box_h = 22, .ofs_x = 1, .ofs_y = 0},
    {.bitmap_index = 10437, .adv_w = 179, .box_w = 10, .box_h = 15, .ofs_x = 1, .ofs_y = 0},
    {.bitmap_index = 10512, .adv_w = 179, .box_w = 10, .box_h = 15, .ofs_x = 1, .ofs_y = 0},
    {.bitmap_index = 10587, .adv_w = 179, .box_w = 10, .box_h = 18, .ofs_x = 1, .ofs_y = 0},
    {.bitmap_index = 10677, .adv_w = 179, .box_w = 10, .box_h = 18, .ofs_x = 1, .ofs_y = 0},
    {.bitmap_index = 10767, .adv_w = 179, .box_w = 10, .box_h = 18, .ofs_x = 1, .ofs_y = 0},
    {.bitmap_index = 10857, .adv_w = 179, .box_w = 10, .box_h = 18, .ofs_x = 1, .ofs_y = 0},
    {.bitmap_index = 10947, .adv_w = 179, .box_w = 10, .box_h = 15, .ofs_x = 1, .ofs_y = 0},
    {.bitmap_index = 11022, .adv_w = 179, .box_w = 10, .box_h = 20, .ofs_x = 1, .ofs_y = 0},
    {.bitmap_index = 11122, .adv_w = 179, .box_w = 10, .box_h = 11, .ofs_x = 1, .ofs_y = 0},
    {.bitmap_index = 11177, .adv_w = 179, .box_w = 10, .box_h = 15, .ofs_x = 1, .ofs_y = -4},
    {.bitmap_index = 11252, .adv_w = 179, .box_w = 10, .box_h = 18, .ofs_x = 1, .ofs_y = 0},
    {.bitmap_index = 11342, .adv_w = 179, .box_w = 10, .box_h = 18, .ofs_x = 1, .ofs_y = 0},
    {.bitmap_index = 11432, .adv_w = 179, .box_w = 10, .box_h = 18, .ofs_x = 1, .ofs_y = 0},
    {.bitmap_index = 11522, .adv_w = 179, .box_w = 10, .box_h = 15, .ofs_x = 1, .ofs_y = 0},
    {.bitmap_index = 11597, .adv_w = 179, .box_w = 8, .box_h = 18, .ofs_x = 2, .ofs_y = 0},
    {.bitmap_index = 11669, .adv_w = 179, .box_w = 8, .box_h = 18, .ofs_x = 2, .ofs_y = 0},
    {.bitmap_index = 11741, .adv_w = 179, .box_w = 8, .box_h = 18, .ofs_x = 2, .ofs_y = 0},
    {.bitmap_index = 11813, .adv_w = 179, .box_w = 8, .box_h = 15, .ofs_x = 2, .ofs_y = 0},
    {.bitmap_index = 11873, .adv_w = 179, .box_w = 10, .box_h = 20, .ofs_x = 1, .ofs_y = 0},
    {.bitmap_index = 11973, .adv_w = 179, .box_w = 10, .box_h = 18, .ofs_x = 1, .ofs_y = 0},
    {.bitmap_index = 12063, .adv_w = 179, .box_w = 10, .box_h = 18, .ofs_x = 1, .ofs_y = 0},
    {.bitmap_index = 12153, .adv_w = 179, .box_w = 10, .box_h = 18, .ofs_x = 1, .ofs_y = 0},
    {.bitmap_index = 12243, .adv_w = 179, .box_w = 10, .box_h = 18, .ofs_x = 1, .ofs_y = 0},
    {.bitmap_index = 12333, .adv_w = 179, .box_w = 10, .box_h = 18, .ofs_x = 1, .ofs_y = 0},
    {.bitmap_index = 12423, .adv_w = 179, .box_w = 10, .box_h = 15, .ofs_x = 1, .ofs_y = 0},
    {.bitmap_index = 12498, .adv_w = 179, .box_w = 8, .box_h = 15, .ofs_x = 2, .ofs_y = 0},
    {.bitmap_index = 12558, .adv_w = 179, .box_w = 10, .box_h = 17, .ofs_x = 1, .ofs_y = -3},
    {.bitmap_index = 12643, .adv_w = 179, .box_w = 10, .box_h = 18, .ofs_x = 1, .ofs_y = 0},
    {.bitmap_index = 12733, .adv_w = 179, .box_w = 10, .box_h = 18, .ofs_x = 1, .ofs_y = 0},
    {.bitmap_index = 12823, .adv_w = 179, .box_w = 10, .box_h = 18, .ofs_x = 1, .ofs_y = 0},
    {.bitmap_index = 12913, .adv_w = 179, .box_w = 10, .box_h = 15, .ofs_x = 1, .ofs_y = 0},
    {.bitmap_index = 12988, .adv_w = 179, .box_w = 11, .box_h = 22, .ofs_x = 0, .ofs_y = -4},
    {.bitmap_index = 13109, .adv_w = 179, .box_w = 10, .box_h = 19, .ofs_x = 1, .ofs_y = -4},
    {.bitmap_index = 13204, .adv_w = 179, .box_w = 11, .box_h = 19, .ofs_x = 0, .ofs_y = -4},
    {.bitmap_index = 13309, .adv_w = 179, .box_w = 5, .box_h = 5, .ofs_x = 3, .ofs_y = 4}
};

/*---------------------
 *  CHARACTER MAPPING
 *--------------------*/



/*Collect the unicode lists and glyph_id offsets*/
static const lv_font_fmt_txt_cmap_t cmaps[] =
{
    {
        .range_start = 32, .range_length = 95, .glyph_id_start = 1,
        .unicode_list = NULL, .glyph_id_ofs_list = NULL, .list_length = 0, .type = LV_FONT_FMT_TXT_CMAP_FORMAT0_TINY
    },
    {
        .range_start = 160, .range_length = 96, .glyph_id_start = 96,
        .unicode_list = NULL, .glyph_id_ofs_list = NULL, .list_length = 0, .type = LV_FONT_FMT_TXT_CMAP_FORMAT0_TINY
    },
    {
        .range_start = 8226, .range_length = 1, .glyph_id_start = 192,
        .unicode_list = NULL, .glyph_id_ofs_list = NULL, .list_length = 0, .type = LV_FONT_FMT_TXT_CMAP_FORMAT0_TINY
    }
};



/*--------------------
 *  ALL CUSTOM DATA
 *--------------------*/

#if LVGL_VERSION_MAJOR == 8
/*Store all the custom data of the font*/
static  lv_font_fmt_txt_glyph_cache_t cache;
#endif

#if LVGL_VERSION_MAJOR >= 8
static const lv_font_fmt_txt_dsc_t font_dsc = {
#else
static lv_font_fmt_txt_dsc_t font_dsc = {
#endif
    .glyph_bitmap = glyph_bitmap,
    .glyph_dsc = glyph_dsc,
    .cmaps = cmaps,
    .kern_dsc = NULL,
    .kern_scale = 0,
    .cmap_num = 3,
    .bpp = 4,
    .kern_classes = 0,
    .bitmap_format = 0,
#if LVGL_VERSION_MAJOR == 8
    .cache = &cache
#endif
};



/*-----------------
 *  PUBLIC FONT
 *----------------*/

/*Initialize a public general font descriptor*/
#if LVGL_VERSION_MAJOR >= 8
const lv_font_t lv_font_alerts_28 = {
#else
lv_font_t lv_font_alerts_28 = {
#endif
    .get_glyph_dsc = lv_font_get_glyph_dsc_fmt_txt,    /*Function pointer to get glyph's data*/
    .get_glyph_bitmap = lv_font_get_bitmap_fmt_txt,    /*Function pointer to get glyph's bitmap*/
    .line_height = 29,          /*The maximum line height required by the font*/
    .base_line = 4,             /*Baseline measured from the bottom of the line*/
#if !(LVGL_VERSION_MAJOR == 6 && LVGL_VERSION_MINOR == 0)
    .subpx = LV_FONT_SUBPX_NONE,
#endif
#if LV_VERSION_CHECK(7, 4, 0) || LVGL_VERSION_MAJOR >= 8
    .underline_position = -3,
    .underline_thickness = 1,
#endif
    .dsc = &font_dsc,          /*The custom font data. Will be accessed by `get_glyph_bitmap/dsc` */
#if LV_VERSION_CHECK(8, 2, 0) || LVGL_VERSION_MAJOR >= 9
    .fallback = NULL,
#endif
    .user_data = NULL,
};



#endif /*#if LV_FONT_ALERTS_28*/

